{"stats":{"minecraft:used":{"minecraft:cobblestone_stairs":15,"minecraft:stone_sword":83,"minecraft:stone_shovel":166,"minecraft:stone_pickaxe":162,"minecraft:oak_planks":120,"minecraft:chest":2,"minecraft:spruce_planks":1,"minecraft:wooden_pickaxe":13,"minecraft:iron_sword":79,"minecraft:shield":1,"minecraft:wooden_shovel":16,"minecraft:cooked_chicken":2,"minecraft:oak_door":2,"minecraft:torch":24,"minecraft:dirt":27,"minecraft:crafting_table":8,"minecraft:wooden_axe":87,"minecraft:oak_log":24,"minecraft:oak_stairs":8,"minecraft:bread":40,"minecraft:iron_boots":1,"minecraft:stone_axe":251,"minecraft:cobblestone":10,"minecraft:furnace":2,"minecraft:iron_leggings":1},"minecraft:broken":{"minecraft:stone_axe":1,"minecraft:wooden_axe":1,"minecraft:stone_shovel":1},"minecraft:custom":{"minecraft:interact_with_furnace":21,"minecraft:mob_kills":24,"minecraft:traded_with_villager":3,"minecraft:interact_with_crafting_table":40,"minecraft:leave_game":5,"minecraft:time_since_death":10433,"minecraft:sleep_in_bed":1,"minecraft:climb_one_cm":4214,"minecraft:time_since_rest":10577,"minecraft:sprint_one_cm":555120,"minecraft:damage_taken":3093,"minecraft:walk_one_cm":381761,"minecraft:drop":15,"minecraft:damage_dealt":3582,"minecraft:swim_one_cm":33336,"minecraft:talked_to_villager":5,"minecraft:fly_one_cm":150819,"minecraft:open_chest":17,"minecraft:play_time":196657,"minecraft:crouch_one_cm":8739,"minecraft:deaths":6,"minecraft:sneak_time":6886,"minecraft:walk_under_water_one_cm":15904,"minecraft:jump":1825,"minecraft:walk_on_water_one_cm":14761,"minecraft:total_world_time":196657,"minecraft:fall_one_cm":58504},"minecraft:picked_up":{"minecraft:wooden_axe":2,"minecraft:pink_petals":14,"minecraft:crafting_table":11,"minecraft:feather":28,"minecraft:cooked_beef":2,"minecraft:chicken":10,"minecraft:cherry_planks":3,"minecraft:salmon":12,"minecraft:leather":3,"minecraft:wooden_pickaxe":4,"minecraft:oak_log":170,"minecraft:shield":6,"minecraft:cobblestone_stairs":4,"minecraft:string":3,"minecraft:dirt":143,"minecraft:iron_axe":2,"minecraft:wooden_sword":2,"minecraft:iron_leggings":5,"minecraft:iron_shovel":2,"minecraft:apple":6,"minecraft:wheat_seeds":7,"minecraft:spruce_planks":8,"minecraft:iron_ingot":37,"minecraft:stone_pickaxe":5,"minecraft:poppy":6,"minecraft:iron_sword":2,"minecraft:oak_planks":25,"minecraft:furnace":1,"minecraft:iron_boots":5,"minecraft:egg":1,"minecraft:stick":78,"minecraft:raw_iron":24,"minecraft:oak_door":2,"minecraft:torch":8,"minecraft:dandelion":3,"minecraft:cherry_log":64,"minecraft:stripped_spruce_log":2,"minecraft:spruce_sapling":132,"minecraft:spruce_log":318,"minecraft:oak_wood":8,"minecraft:stone_sword":4,"minecraft:rotten_flesh":1,"minecraft:hay_block":11,"minecraft:iron_helmet":2,"minecraft:emerald":3,"minecraft:bread":97,"minecraft:oak_sapling":90,"minecraft:mutton":4,"minecraft:coal":33,"minecraft:white_wool":2,"minecraft:cobblestone":160},"minecraft:crafted":{"minecraft:cooked_beef":2,"minecraft:wooden_sword":2,"minecraft:oak_door":3,"minecraft:oak_planks":192,"minecraft:wooden_shovel":1,"minecraft:stone_shovel":2,"minecraft:emerald":3,"minecraft:crafting_table":5,"minecraft:spruce_planks":52,"minecraft:cooked_chicken":4,"minecraft:wooden_pickaxe":3,"minecraft:iron_helmet":1,"minecraft:iron_sword":2,"minecraft:furnace":2,"minecraft:cobblestone_stairs":16,"minecraft:stone_axe":3,"minecraft:bread":33,"minecraft:iron_boots":2,"minecraft:charcoal":6,"minecraft:shield":3,"minecraft:stick":36,"minecraft:iron_ingot":11,"minecraft:wooden_axe":4,"minecraft:stone_pickaxe":3,"minecraft:oak_stairs":12,"minecraft:stone_sword":2,"minecraft:chest":2,"minecraft:iron_leggings":1,"minecraft:torch":48,"minecraft:wheat":99},"minecraft:killed_by":{"minecraft:skeleton":1,"minecraft:zombie":1,"minecraft:iron_golem":1},"minecraft:dropped":{"minecraft:iron_ingot":4,"minecraft:wheat_seeds":3,"minecraft:stick":24,"minecraft:poppy":3,"minecraft:dirt":89,"minecraft:oak_sapling":60,"minecraft:spruce_log":58,"minecraft:spruce_sapling":64,"minecraft:dandelion":1},"minecraft:killed":{"minecraft:salmon":4,"minecraft:spider":3,"minecraft:iron_golem":1,"minecraft:sheep":2,"minecraft:horse":2,"minecraft:zombie":2,"minecraft:chicken":10},"minecraft:mined":{"minecraft:cobblestone_stairs":4,"minecraft:dandelion":1,"minecraft:crafting_table":7,"minecraft:torch":3,"minecraft:short_grass":15,"minecraft:oak_wood":8,"minecraft:grass_block":12,"minecraft:tall_grass":3,"minecraft:cobblestone":1,"minecraft:spruce_leaves":14,"minecraft:oak_planks":8,"minecraft:pink_petals":7,"minecraft:hay_block":7,"minecraft:furnace":1,"minecraft:iron_ore":13,"minecraft:spruce_log":221,"minecraft:stripped_spruce_log":1,"minecraft:coal_ore":34,"minecraft:oak_log":89,"minecraft:dirt":179,"minecraft:stone":121}},"DataVersion":3955}