{"stats":{"minecraft:dropped":{"minecraft:iron_ingot":4,"minecraft:dirt":86,"minecraft:spruce_log":58},"minecraft:mined":{"minecraft:cobblestone_stairs":4,"minecraft:dandelion":1,"minecraft:crafting_table":7,"minecraft:torch":1,"minecraft:short_grass":15,"minecraft:oak_wood":8,"minecraft:grass_block":12,"minecraft:cobblestone":1,"minecraft:tall_grass":3,"minecraft:spruce_leaves":14,"minecraft:oak_planks":8,"minecraft:pink_petals":7,"minecraft:hay_block":7,"minecraft:furnace":1,"minecraft:iron_ore":13,"minecraft:spruce_log":221,"minecraft:stripped_spruce_log":1,"minecraft:coal_ore":34,"minecraft:oak_log":89,"minecraft:dirt":179,"minecraft:stone":121},"minecraft:killed_by":{"minecraft:skeleton":1,"minecraft:zombie":1},"minecraft:used":{"minecraft:stone_sword":83,"minecraft:cobblestone_stairs":15,"minecraft:stone_shovel":166,"minecraft:stone_pickaxe":162,"minecraft:oak_planks":120,"minecraft:shield":1,"minecraft:spruce_planks":1,"minecraft:chest":2,"minecraft:wooden_pickaxe":13,"minecraft:iron_sword":56,"minecraft:wooden_shovel":16,"minecraft:cooked_chicken":2,"minecraft:oak_door":2,"minecraft:torch":24,"minecraft:dirt":27,"minecraft:crafting_table":8,"minecraft:oak_log":24,"minecraft:wooden_axe":87,"minecraft:oak_stairs":8,"minecraft:bread":38,"minecraft:iron_boots":1,"minecraft:stone_axe":251,"minecraft:cobblestone":10,"minecraft:furnace":2,"minecraft:iron_leggings":1},"minecraft:custom":{"minecraft:interact_with_furnace":17,"minecraft:mob_kills":24,"minecraft:interact_with_crafting_table":40,"minecraft:time_since_death":40976,"minecraft:leave_game":3,"minecraft:sleep_in_bed":1,"minecraft:climb_one_cm":4214,"minecraft:time_since_rest":41071,"minecraft:sprint_one_cm":492549,"minecraft:damage_taken":2615,"minecraft:walk_one_cm":340639,"minecraft:drop":7,"minecraft:damage_dealt":3250,"minecraft:swim_one_cm":33336,"minecraft:fly_one_cm":138355,"minecraft:open_chest":14,"minecraft:crouch_one_cm":8699,"minecraft:play_time":166435,"minecraft:deaths":4,"minecraft:sneak_time":6771,"minecraft:walk_under_water_one_cm":15904,"minecraft:jump":1671,"minecraft:walk_on_water_one_cm":14761,"minecraft:total_world_time":166435,"minecraft:fall_one_cm":53278},"minecraft:picked_up":{"minecraft:pink_petals":14,"minecraft:crafting_table":7,"minecraft:feather":12,"minecraft:chicken":10,"minecraft:salmon":4,"minecraft:leather":3,"minecraft:oak_log":117,"minecraft:cobblestone_stairs":4,"minecraft:dirt":134,"minecraft:string":1,"minecraft:iron_leggings":1,"minecraft:iron_shovel":1,"minecraft:apple":2,"minecraft:wheat_seeds":4,"minecraft:iron_ingot":32,"minecraft:stone_pickaxe":1,"minecraft:poppy":3,"minecraft:oak_planks":15,"minecraft:egg":1,"minecraft:iron_boots":1,"minecraft:furnace":1,"minecraft:stick":54,"minecraft:raw_iron":13,"minecraft:torch":2,"minecraft:dandelion":1,"minecraft:stripped_spruce_log":1,"minecraft:cherry_log":64,"minecraft:spruce_sapling":68,"minecraft:spruce_log":199,"minecraft:oak_wood":8,"minecraft:rotten_flesh":1,"minecraft:hay_block":11,"minecraft:bread":53,"minecraft:oak_sapling":30,"minecraft:mutton":4,"minecraft:coal":33,"minecraft:white_wool":2,"minecraft:cobblestone":122},"minecraft:crafted":{"minecraft:wooden_sword":2,"minecraft:oak_door":3,"minecraft:oak_planks":192,"minecraft:wooden_shovel":1,"minecraft:stone_shovel":2,"minecraft:crafting_table":5,"minecraft:spruce_planks":52,"minecraft:wooden_pickaxe":3,"minecraft:iron_helmet":1,"minecraft:cooked_chicken":4,"minecraft:iron_sword":2,"minecraft:furnace":2,"minecraft:cobblestone_stairs":16,"minecraft:stone_axe":3,"minecraft:bread":33,"minecraft:iron_boots":2,"minecraft:charcoal":6,"minecraft:shield":3,"minecraft:stick":36,"minecraft:oak_stairs":12,"minecraft:stone_pickaxe":3,"minecraft:wooden_axe":4,"minecraft:stone_sword":2,"minecraft:chest":2,"minecraft:iron_leggings":1,"minecraft:torch":48,"minecraft:wheat":99},"minecraft:broken":{"minecraft:stone_axe":1,"minecraft:wooden_axe":1,"minecraft:stone_shovel":1},"minecraft:killed":{"minecraft:salmon":4,"minecraft:spider":3,"minecraft:iron_golem":1,"minecraft:sheep":2,"minecraft:horse":2,"minecraft:zombie":2,"minecraft:chicken":10}},"DataVersion":3955}