{"stats":{"minecraft:killed":{"minecraft:spider":4,"minecraft:skeleton":2,"minecraft:pig":12,"minecraft:wandering_trader":1,"minecraft:creeper":1,"minecraft:sheep":7,"minecraft:trader_llama":1,"minecraft:zombie":9,"minecraft:enderman":1,"minecraft:cow":25},"minecraft:crafted":{"minecraft:cherry_planks":60,"minecraft:oak_planks":372,"minecraft:player_head":1,"minecraft:furnace":1,"minecraft:cobblestone_stairs":12,"minecraft:stone":421,"minecraft:spruce_fence":12,"minecraft:cooked_mutton":9,"minecraft:flint_and_steel":2,"minecraft:spruce_stairs":16,"minecraft:iron_boots":1,"minecraft:iron_axe":4,"minecraft:stone_pickaxe":6,"minecraft:chest":1,"minecraft:stone_bricks":544,"minecraft:smoker":2,"minecraft:wheat":225,"minecraft:cooked_beef":28,"minecraft:cooked_porkchop":6,"minecraft:crafting_table":5,"minecraft:spruce_planks":184,"minecraft:iron_helmet":1,"minecraft:wooden_pickaxe":2,"minecraft:birch_planks":256,"minecraft:stone_axe":2,"minecraft:bread":79,"minecraft:air":0,"minecraft:oak_boat":1,"minecraft:spruce_trapdoor":20,"minecraft:iron_chestplate":1,"minecraft:stick":24,"minecraft:iron_ingot":48,"minecraft:iron_pickaxe":8,"minecraft:oak_stairs":8,"minecraft:iron_leggings":1,"minecraft:stone_sword":1,"minecraft:iron_shovel":2,"minecraft:torch":72},"minecraft:broken":{"minecraft:iron_shovel":4,"minecraft:flint_and_steel":2,"minecraft:stone_pickaxe":4,"minecraft:iron_axe":2,"minecraft:stone_axe":1,"minecraft:iron_pickaxe":8},"minecraft:dropped":{"minecraft:iron_ingot":2,"minecraft:wheat_seeds":10,"minecraft:cooked_beef":7,"minecraft:oak_log":1,"minecraft:poisonous_potato":1,"minecraft:oak_fence":1,"minecraft:cobblestone":118,"minecraft:leather":2,"minecraft:granite":1,"minecraft:coal":8,"minecraft:stick":22,"minecraft:dirt":99,"minecraft:torch":64,"minecraft:brown_wool":1,"minecraft:gold_nugget":8,"minecraft:iron_pickaxe":1,"minecraft:pink_petals":9,"minecraft:white_wool":6,"minecraft:spruce_sapling":33,"minecraft:bone":3,"minecraft:oak_door":2,"minecraft:gravel":14,"minecraft:player_head":65,"minecraft:iron_nugget":13,"minecraft:stone_sword":1,"minecraft:wheat":1,"minecraft:cherry_sapling":1,"minecraft:pointed_dripstone":1,"minecraft:rotten_flesh":7,"minecraft:light_gray_wool":1,"minecraft:stone":506,"minecraft:gunpowder":1,"minecraft:spruce_trapdoor":2,"minecraft:spruce_planks":53,"minecraft:andesite":1,"minecraft:beetroot_seeds":1,"minecraft:birch_door":2,"minecraft:oak_sapling":12,"minecraft:spider_eye":1,"minecraft:stone_bricks":320,"minecraft:bamboo":5,"minecraft:wooden_pickaxe":1,"minecraft:arrow":3,"minecraft:stone_pickaxe":1,"minecraft:netherrack":1},"minecraft:killed_by":{"minecraft:player":1,"minecraft:creeper":1,"minecraft:enderman":1},"minecraft:custom":{"minecraft:mob_kills":63,"minecraft:interact_with_crafting_table":73,"minecraft:bell_ring":1,"minecraft:time_since_death":163875,"minecraft:leave_game":21,"minecraft:climb_one_cm":1194,"minecraft:sprint_one_cm":1022182,"minecraft:walk_one_cm":1627382,"minecraft:drop":89,"minecraft:talked_to_villager":7,"minecraft:play_time":712306,"minecraft:deaths":8,"minecraft:sneak_time":32732,"minecraft:walk_under_water_one_cm":12032,"minecraft:jump":9267,"minecraft:walk_on_water_one_cm":34693,"minecraft:total_world_time":712306,"minecraft:interact_with_furnace":76,"minecraft:sleep_in_bed":4,"minecraft:time_since_rest":42691,"minecraft:damage_taken":6180,"minecraft:trigger_trapped_chest":7,"minecraft:damage_dealt":8280,"minecraft:swim_one_cm":43757,"minecraft:fly_one_cm":1854536,"minecraft:open_chest":238,"minecraft:crouch_one_cm":169526,"minecraft:interact_with_smoker":22,"minecraft:fall_one_cm":278311},"minecraft:picked_up":{"minecraft:crafting_table":19,"minecraft:birch_door":10,"minecraft:wheat":39,"minecraft:lead":10,"minecraft:wooden_pickaxe":1,"minecraft:oak_stairs":8,"minecraft:gold_block":6,"minecraft:string":10,"minecraft:iron_axe":4,"minecraft:armor_stand":5,"minecraft:iron_shovel":8,"minecraft:oak_sign":9,"minecraft:gold_nugget":10,"minecraft:spruce_planks":28,"minecraft:beef":81,"minecraft:oak_boat":1,"minecraft:player_head":10,"minecraft:calcite":679,"minecraft:iron_nugget":65,"minecraft:iron_pickaxe":8,"minecraft:light_gray_wool":1,"minecraft:sugar_cane":81,"minecraft:chest":10,"minecraft:birch_sapling":28,"minecraft:spruce_trapdoor":22,"minecraft:iron_boots":3,"minecraft:furnace":9,"minecraft:stick":163,"minecraft:raw_iron":129,"minecraft:stone":638,"minecraft:oak_door":3,"minecraft:oak_fence":1,"minecraft:torch":309,"minecraft:spruce_stairs":5,"minecraft:fire_charge":4,"minecraft:porkchop":45,"minecraft:cherry_log":91,"minecraft:pointed_dripstone":1,"minecraft:carrot":59,"minecraft:redstone":10,"minecraft:stone_sword":6,"minecraft:arrow":3,"minecraft:rotten_flesh":7,"minecraft:beetroot_seeds":8,"minecraft:hay_block":65,"minecraft:mangrove_roots":5,"minecraft:gold_ingot":3,"minecraft:stripped_oak_log":1,"minecraft:mutton":9,"minecraft:obsidian":8,"minecraft:white_wool":6,"minecraft:snowball":8,"minecraft:cobblestone":2608,"minecraft:birch_log":148,"minecraft:pink_petals":87,"minecraft:cooked_beef":4,"minecraft:andesite":3,"minecraft:brown_wool":1,"minecraft:leather":67,"minecraft:birch_planks":77,"minecraft:smoker":2,"minecraft:potato":25,"minecraft:flint":6,"minecraft:oak_log":68,"minecraft:yellow_bed":1,"minecraft:gunpowder":1,"minecraft:cobblestone_stairs":12,"minecraft:lapis_lazuli":30,"minecraft:dirt":1279,"minecraft:lantern":2,"minecraft:cooked_mutton":14,"minecraft:bone":5,"minecraft:apple":22,"minecraft:stone_bricks":1491,"minecraft:stonecutter":1,"minecraft:wheat_seeds":235,"minecraft:spruce_wood":10,"minecraft:iron_ingot":5,"minecraft:stone_pickaxe":1,"minecraft:bamboo":10,"minecraft:oak_planks":669,"minecraft:cooked_porkchop":1,"minecraft:dandelion":1,"minecraft:gravel":15,"minecraft:sand":272,"minecraft:spruce_sapling":42,"minecraft:white_bed":2,"minecraft:spruce_log":213,"minecraft:spruce_door":1,"minecraft:spider_eye":1,"minecraft:oak_wood":98,"minecraft:diamond":1,"minecraft:stone_axe":2,"minecraft:granite":1,"minecraft:cherry_sapling":46,"minecraft:bread":21,"minecraft:emerald":16,"minecraft:oak_sapling":86,"minecraft:netherrack":1,"minecraft:coal":87},"minecraft:used":{"minecraft:cherry_sapling":28,"minecraft:stone_sword":117,"minecraft:iron_shovel":1166,"minecraft:flint_and_steel":128,"minecraft:armor_stand":1,"minecraft:oak_sign":3,"minecraft:spruce_planks":71,"minecraft:player_head":6,"minecraft:oak_door":1,"minecraft:torch":70,"minecraft:dirt":1119,"minecraft:spruce_stairs":14,"minecraft:carrot":27,"minecraft:spruce_fence":12,"minecraft:oak_stairs":8,"minecraft:iron_axe":757,"minecraft:birch_sapling":13,"minecraft:stone_bricks":922,"minecraft:mangrove_roots":3,"minecraft:furnace":3,"minecraft:gold_block":1,"minecraft:cooked_beef":13,"minecraft:cobblestone_stairs":9,"minecraft:spruce_door":3,"minecraft:birch_planks":261,"minecraft:oak_planks":161,"minecraft:stone_pickaxe":524,"minecraft:stonecutter":1,"minecraft:wooden_pickaxe":14,"minecraft:sugar_cane":6,"minecraft:golden_apple":1,"minecraft:crafting_table":18,"minecraft:smoker":3,"minecraft:oak_log":7,"minecraft:apple":12,"minecraft:bread":71,"minecraft:iron_pickaxe":2126,"minecraft:spruce_trapdoor":26,"minecraft:spruce_sapling":9,"minecraft:stone_axe":193,"minecraft:pink_petals":9,"minecraft:cobblestone":2085,"minecraft:cooked_porkchop":7,"minecraft:andesite":1,"minecraft:dandelion":1},"minecraft:mined":{"minecraft:spruce_planks":4,"minecraft:oak_door":1,"minecraft:cherry_log":65,"minecraft:cherry_sapling":7,"minecraft:mangrove_roots":9,"minecraft:spruce_trapdoor":18,"minecraft:granite":1,"minecraft:grass_block":112,"minecraft:brown_wool":1,"minecraft:spruce_leaves":6,"minecraft:large_fern":2,"minecraft:hay_block":24,"minecraft:spruce_sapling":3,"minecraft:carrots":57,"minecraft:furnace":6,"minecraft:fire":20,"minecraft:iron_ore":41,"minecraft:andesite":4,"minecraft:gold_block":1,"minecraft:potatoes":15,"minecraft:pointed_dripstone":4,"minecraft:oak_sign":1,"minecraft:dirt_path":1,"minecraft:oak_stairs":8,"minecraft:stripped_oak_log":1,"minecraft:bamboo_sapling":2,"minecraft:stone":2059,"minecraft:glass_pane":1,"minecraft:smoker":2,"minecraft:snow_block":2,"minecraft:spruce_door":1,"minecraft:oak_fence":1,"minecraft:crafting_table":12,"minecraft:torch":22,"minecraft:short_grass":44,"minecraft:oak_wood":145,"minecraft:emerald_ore":4,"minecraft:calcite":174,"minecraft:chest":1,"minecraft:cobblestone":176,"minecraft:tall_grass":8,"minecraft:sugar_cane":11,"minecraft:oak_planks":58,"minecraft:pink_petals":16,"minecraft:spruce_stairs":5,"minecraft:birch_planks":109,"minecraft:trapped_chest":1,"minecraft:birch_log":153,"minecraft:wheat":90,"minecraft:birch_leaves":2,"minecraft:spruce_log":231,"minecraft:yellow_bed":1,"minecraft:oak_log":47,"minecraft:coal_ore":11,"minecraft:beetroots":10,"minecraft:cherry_leaves":4,"minecraft:gravel":7,"minecraft:sand":5,"minecraft:dirt":1080,"minecraft:stonecutter":1,"minecraft:stone_bricks":139,"minecraft:oak_leaves":32}},"DataVersion":3955}