{"stats":{"minecraft:custom":{"minecraft:interact_with_furnace":1,"minecraft:mob_kills":20,"minecraft:interact_with_crafting_table":29,"minecraft:bell_ring":1,"minecraft:leave_game":3,"minecraft:time_since_death":152912,"minecraft:climb_one_cm":636,"minecraft:time_since_rest":152967,"minecraft:sprint_one_cm":319474,"minecraft:damage_taken":2625,"minecraft:walk_one_cm":351600,"minecraft:drop":20,"minecraft:damage_dealt":3026,"minecraft:swim_one_cm":32575,"minecraft:talked_to_villager":7,"minecraft:fly_one_cm":726660,"minecraft:open_chest":50,"minecraft:crouch_one_cm":28033,"minecraft:play_time":190798,"minecraft:deaths":3,"minecraft:sneak_time":5639,"minecraft:walk_under_water_one_cm":1584,"minecraft:jump":3467,"minecraft:walk_on_water_one_cm":14491,"minecraft:total_world_time":190798,"minecraft:fall_one_cm":126080},"minecraft:killed_by":{"minecraft:creeper":1,"minecraft:enderman":1},"minecraft:picked_up":{"minecraft:pink_petals":40,"minecraft:crafting_table":12,"minecraft:wheat":1,"minecraft:andesite":2,"minecraft:leather":32,"minecraft:wooden_pickaxe":1,"minecraft:potato":16,"minecraft:oak_log":27,"minecraft:yellow_bed":1,"minecraft:dirt":10,"minecraft:string":7,"minecraft:lantern":2,"minecraft:cooked_mutton":14,"minecraft:bone":5,"minecraft:apple":14,"minecraft:wheat_seeds":106,"minecraft:gold_nugget":10,"minecraft:spruce_planks":24,"minecraft:beef":38,"minecraft:stone_pickaxe":1,"minecraft:oak_boat":1,"minecraft:calcite":153,"minecraft:iron_pickaxe":1,"minecraft:bamboo":5,"minecraft:sugar_cane":6,"minecraft:oak_planks":253,"minecraft:iron_boots":3,"minecraft:furnace":6,"minecraft:stick":75,"minecraft:raw_iron":36,"minecraft:oak_door":3,"minecraft:oak_fence":1,"minecraft:dandelion":1,"minecraft:porkchop":30,"minecraft:cherry_log":91,"minecraft:spruce_sapling":3,"minecraft:white_bed":2,"minecraft:carrot":15,"minecraft:spider_eye":1,"minecraft:stone_sword":1,"minecraft:arrow":3,"minecraft:rotten_flesh":2,"minecraft:diamond":1,"minecraft:stone_axe":2,"minecraft:beetroot_seeds":4,"minecraft:hay_block":57,"minecraft:cherry_sapling":39,"minecraft:mangrove_roots":1,"minecraft:bread":21,"minecraft:gold_ingot":3,"minecraft:oak_sapling":5,"minecraft:obsidian":8,"minecraft:coal":69,"minecraft:cobblestone":340},"minecraft:crafted":{"minecraft:cherry_planks":60,"minecraft:oak_planks":72,"minecraft:crafting_table":3,"minecraft:wooden_pickaxe":2,"minecraft:furnace":1,"minecraft:stone_axe":2,"minecraft:bread":51,"minecraft:air":0,"minecraft:oak_boat":1,"minecraft:stick":8,"minecraft:iron_ingot":3,"minecraft:iron_pickaxe":1,"minecraft:stone_pickaxe":4,"minecraft:stone_sword":1,"minecraft:chest":1,"minecraft:torch":4,"minecraft:wheat":153},"minecraft:killed":{"minecraft:pig":8,"minecraft:spider":2,"minecraft:skeleton":2,"minecraft:zombie":3,"minecraft:enderman":1,"minecraft:cow":4},"minecraft:dropped":{"minecraft:oak_door":2,"minecraft:oak_log":1,"minecraft:wheat":1,"minecraft:cherry_sapling":1,"minecraft:oak_fence":1,"minecraft:rotten_flesh":2,"minecraft:leather":2,"minecraft:stick":18,"minecraft:dirt":7,"minecraft:andesite":1,"minecraft:gold_nugget":8,"minecraft:spider_eye":1,"minecraft:arrow":3,"minecraft:wooden_pickaxe":1,"minecraft:iron_pickaxe":1,"minecraft:bone":3},"minecraft:mined":{"minecraft:glass_pane":1,"minecraft:oak_door":1,"minecraft:cherry_log":65,"minecraft:cherry_sapling":7,"minecraft:mangrove_roots":2,"minecraft:oak_fence":1,"minecraft:crafting_table":9,"minecraft:short_grass":22,"minecraft:calcite":171,"minecraft:grass_block":2,"minecraft:cobblestone":47,"minecraft:tall_grass":1,"minecraft:oak_planks":51,"minecraft:sugar_cane":3,"minecraft:pink_petals":13,"minecraft:hay_block":16,"minecraft:furnace":1,"minecraft:carrots":15,"minecraft:iron_ore":22,"minecraft:wheat":31,"minecraft:andesite":3,"minecraft:yellow_bed":1,"minecraft:coal_ore":2,"minecraft:pointed_dripstone":3,"minecraft:potatoes":5,"minecraft:oak_log":7,"minecraft:beetroots":2,"minecraft:dirt":6,"minecraft:bamboo_sapling":2,"minecraft:stone":309,"minecraft:oak_leaves":5},"minecraft:broken":{"minecraft:stone_pickaxe":2,"minecraft:stone_axe":1,"minecraft:iron_pickaxe":1},"minecraft:used":{"minecraft:cherry_sapling":28,"minecraft:stone_sword":29,"minecraft:stone_pickaxe":311,"minecraft:oak_planks":37,"minecraft:wooden_pickaxe":14,"minecraft:sugar_cane":6,"minecraft:oak_door":1,"minecraft:torch":2,"minecraft:golden_apple":1,"minecraft:dirt":2,"minecraft:crafting_table":12,"minecraft:apple":10,"minecraft:bread":41,"minecraft:iron_pickaxe":250,"minecraft:pink_petals":9,"minecraft:stone_axe":182,"minecraft:cobblestone":163,"minecraft:mangrove_roots":1,"minecraft:furnace":1,"minecraft:andesite":1,"minecraft:dandelion":1}},"DataVersion":3955}