{"stats":{"minecraft:mined":{"minecraft:glass_pane":1,"minecraft:oak_door":1,"minecraft:cherry_log":20,"minecraft:oak_fence":1,"minecraft:crafting_table":6,"minecraft:short_grass":12,"minecraft:grass_block":1,"minecraft:sugar_cane":2,"minecraft:hay_block":16,"minecraft:carrots":15,"minecraft:wheat":31,"minecraft:yellow_bed":1,"minecraft:potatoes":5,"minecraft:oak_log":7,"minecraft:beetroots":2,"minecraft:stone":45,"minecraft:oak_leaves":1},"minecraft:dropped":{"minecraft:stick":18,"minecraft:arrow":3},"minecraft:killed_by":{"minecraft:creeper":1,"minecraft:enderman":1},"minecraft:used":{"minecraft:cherry_sapling":5,"minecraft:stone_sword":3,"minecraft:stone_pickaxe":34,"minecraft:wooden_pickaxe":14,"minecraft:oak_door":1,"minecraft:dirt":1,"minecraft:crafting_table":8,"minecraft:apple":10,"minecraft:bread":9,"minecraft:stone_axe":76,"minecraft:dandelion":1},"minecraft:custom":{"minecraft:mob_kills":11,"minecraft:interact_with_crafting_table":13,"minecraft:bell_ring":1,"minecraft:leave_game":3,"minecraft:time_since_death":36831,"minecraft:time_since_rest":36886,"minecraft:sprint_one_cm":133517,"minecraft:damage_taken":1515,"minecraft:walk_one_cm":123603,"minecraft:drop":2,"minecraft:damage_dealt":1898,"minecraft:swim_one_cm":22910,"minecraft:talked_to_villager":7,"minecraft:fly_one_cm":307184,"minecraft:open_chest":12,"minecraft:crouch_one_cm":2113,"minecraft:play_time":74717,"minecraft:deaths":3,"minecraft:sneak_time":577,"minecraft:walk_under_water_one_cm":1142,"minecraft:jump":1240,"minecraft:walk_on_water_one_cm":7242,"minecraft:total_world_time":74717,"minecraft:fall_one_cm":39555},"minecraft:picked_up":{"minecraft:crafting_table":9,"minecraft:wheat":1,"minecraft:leather":32,"minecraft:wooden_pickaxe":1,"minecraft:potato":16,"minecraft:oak_log":27,"minecraft:yellow_bed":1,"minecraft:string":5,"minecraft:dirt":1,"minecraft:lantern":2,"minecraft:cooked_mutton":14,"minecraft:bone":4,"minecraft:apple":14,"minecraft:wheat_seeds":67,"minecraft:gold_nugget":2,"minecraft:spruce_planks":24,"minecraft:beef":38,"minecraft:stone_pickaxe":1,"minecraft:oak_boat":1,"minecraft:sugar_cane":4,"minecraft:oak_planks":202,"minecraft:iron_boots":3,"minecraft:furnace":4,"minecraft:raw_iron":9,"minecraft:stick":25,"minecraft:oak_door":3,"minecraft:oak_fence":1,"minecraft:dandelion":1,"minecraft:porkchop":15,"minecraft:cherry_log":15,"minecraft:white_bed":2,"minecraft:carrot":15,"minecraft:spider_eye":1,"minecraft:stone_sword":1,"minecraft:arrow":3,"minecraft:rotten_flesh":2,"minecraft:beetroot_seeds":4,"minecraft:diamond":1,"minecraft:stone_axe":2,"minecraft:hay_block":57,"minecraft:cherry_sapling":5,"minecraft:gold_ingot":3,"minecraft:bread":21,"minecraft:oak_sapling":5,"minecraft:obsidian":8,"minecraft:coal":14,"minecraft:cobblestone":53},"minecraft:crafted":{"minecraft:cherry_planks":60,"minecraft:oak_planks":24,"minecraft:crafting_table":2,"minecraft:wooden_pickaxe":2,"minecraft:stone_axe":1,"minecraft:bread":30,"minecraft:oak_boat":1,"minecraft:stick":8,"minecraft:stone_pickaxe":2,"minecraft:stone_sword":1,"minecraft:chest":1,"minecraft:wheat":153},"minecraft:killed":{"minecraft:spider":2,"minecraft:skeleton":1,"minecraft:zombie":3,"minecraft:cow":4,"minecraft:enderman":1}},"DataVersion":3955}