{"stats":{"minecraft:custom":{"minecraft:interact_with_furnace":1,"minecraft:mob_kills":20,"minecraft:interact_with_crafting_table":17,"minecraft:bell_ring":1,"minecraft:leave_game":3,"minecraft:time_since_death":86912,"minecraft:time_since_rest":86967,"minecraft:sprint_one_cm":193414,"minecraft:damage_taken":2010,"minecraft:walk_one_cm":218255,"minecraft:drop":5,"minecraft:damage_dealt":2878,"minecraft:swim_one_cm":22910,"minecraft:talked_to_villager":7,"minecraft:fly_one_cm":431592,"minecraft:open_chest":12,"minecraft:crouch_one_cm":2947,"minecraft:play_time":124798,"minecraft:deaths":3,"minecraft:sneak_time":879,"minecraft:walk_under_water_one_cm":1142,"minecraft:jump":1958,"minecraft:walk_on_water_one_cm":9169,"minecraft:total_world_time":124798,"minecraft:fall_one_cm":72035},"minecraft:killed_by":{"minecraft:creeper":1,"minecraft:enderman":1},"minecraft:picked_up":{"minecraft:crafting_table":10,"minecraft:wheat":1,"minecraft:leather":32,"minecraft:wooden_pickaxe":1,"minecraft:potato":16,"minecraft:oak_log":27,"minecraft:yellow_bed":1,"minecraft:dirt":7,"minecraft:string":7,"minecraft:lantern":2,"minecraft:cooked_mutton":14,"minecraft:bone":5,"minecraft:apple":14,"minecraft:wheat_seeds":105,"minecraft:gold_nugget":4,"minecraft:spruce_planks":24,"minecraft:beef":38,"minecraft:stone_pickaxe":1,"minecraft:oak_boat":1,"minecraft:calcite":29,"minecraft:iron_pickaxe":1,"minecraft:sugar_cane":4,"minecraft:oak_planks":221,"minecraft:iron_boots":3,"minecraft:furnace":6,"minecraft:stick":56,"minecraft:raw_iron":22,"minecraft:oak_door":3,"minecraft:oak_fence":1,"minecraft:dandelion":1,"minecraft:porkchop":30,"minecraft:cherry_log":58,"minecraft:white_bed":2,"minecraft:carrot":15,"minecraft:spider_eye":1,"minecraft:stone_sword":1,"minecraft:arrow":3,"minecraft:rotten_flesh":2,"minecraft:diamond":1,"minecraft:stone_axe":2,"minecraft:beetroot_seeds":4,"minecraft:hay_block":57,"minecraft:cherry_sapling":19,"minecraft:bread":21,"minecraft:gold_ingot":3,"minecraft:oak_sapling":5,"minecraft:obsidian":8,"minecraft:coal":67,"minecraft:cobblestone":328},"minecraft:crafted":{"minecraft:cherry_planks":60,"minecraft:oak_planks":24,"minecraft:crafting_table":2,"minecraft:wooden_pickaxe":2,"minecraft:furnace":1,"minecraft:stone_axe":2,"minecraft:bread":30,"minecraft:air":0,"minecraft:oak_boat":1,"minecraft:stick":8,"minecraft:iron_ingot":3,"minecraft:iron_pickaxe":1,"minecraft:stone_pickaxe":3,"minecraft:stone_sword":1,"minecraft:chest":1,"minecraft:torch":4,"minecraft:wheat":153},"minecraft:killed":{"minecraft:pig":8,"minecraft:spider":2,"minecraft:skeleton":2,"minecraft:zombie":3,"minecraft:enderman":1,"minecraft:cow":4},"minecraft:dropped":{"minecraft:oak_log":1,"minecraft:stick":18,"minecraft:dirt":6,"minecraft:arrow":3,"minecraft:iron_pickaxe":1},"minecraft:mined":{"minecraft:glass_pane":1,"minecraft:oak_door":1,"minecraft:cherry_log":65,"minecraft:cherry_sapling":2,"minecraft:oak_fence":1,"minecraft:crafting_table":7,"minecraft:short_grass":17,"minecraft:calcite":34,"minecraft:grass_block":2,"minecraft:tall_grass":1,"minecraft:oak_planks":19,"minecraft:sugar_cane":2,"minecraft:pink_petals":2,"minecraft:hay_block":16,"minecraft:furnace":1,"minecraft:carrots":15,"minecraft:iron_ore":10,"minecraft:wheat":31,"minecraft:andesite":2,"minecraft:yellow_bed":1,"minecraft:pointed_dripstone":3,"minecraft:potatoes":5,"minecraft:oak_log":7,"minecraft:beetroots":2,"minecraft:dirt":5,"minecraft:stone":308,"minecraft:oak_leaves":1},"minecraft:broken":{"minecraft:stone_pickaxe":1,"minecraft:stone_axe":1},"minecraft:used":{"minecraft:cherry_sapling":16,"minecraft:stone_sword":25,"minecraft:stone_pickaxe":152,"minecraft:wooden_pickaxe":14,"minecraft:oak_door":1,"minecraft:torch":2,"minecraft:dirt":1,"minecraft:crafting_table":10,"minecraft:apple":10,"minecraft:bread":24,"minecraft:iron_pickaxe":201,"minecraft:stone_axe":148,"minecraft:cobblestone":9,"minecraft:furnace":1,"minecraft:dandelion":1}},"DataVersion":3955}