{"stats":{"minecraft:mined":{"minecraft:spruce_planks":36,"minecraft:cherry_log":65,"minecraft:sculk_vein":1,"minecraft:spruce_trapdoor":33,"minecraft:granite":1,"minecraft:grass_block":114,"minecraft:brown_wool":1,"minecraft:fire":20,"minecraft:iron_ore":57,"minecraft:pointed_dripstone":4,"minecraft:oak_sign":1,"minecraft:dirt_path":1,"minecraft:oak_stairs":10,"minecraft:spruce_slab":4,"minecraft:smoker":2,"minecraft:torch":22,"minecraft:calcite":174,"minecraft:chest":1,"minecraft:cobblestone":176,"minecraft:sugar_cane":11,"minecraft:oak_planks":176,"minecraft:wall_torch":1,"minecraft:pink_petals":16,"minecraft:birch_log":153,"minecraft:wheat":92,"minecraft:stone_brick_stairs":50,"minecraft:oak_log":47,"minecraft:beetroots":10,"minecraft:sand":5,"minecraft:dirt":1082,"minecraft:stonecutter":1,"minecraft:oak_leaves":33,"minecraft:diamond_ore":3,"minecraft:tuff":1,"minecraft:oak_door":1,"minecraft:cherry_sapling":7,"minecraft:mangrove_roots":9,"minecraft:spruce_fence":2,"minecraft:spruce_leaves":6,"minecraft:large_fern":2,"minecraft:hay_block":24,"minecraft:spruce_sapling":3,"minecraft:furnace":6,"minecraft:carrots":57,"minecraft:andesite":4,"minecraft:gold_block":1,"minecraft:potatoes":15,"minecraft:deepslate_iron_ore":9,"minecraft:lantern":1,"minecraft:stripped_oak_log":1,"minecraft:bamboo_sapling":2,"minecraft:stone":2387,"minecraft:scaffolding":3,"minecraft:glass_pane":2,"minecraft:snow_block":2,"minecraft:spruce_door":1,"minecraft:oak_fence":2,"minecraft:crafting_table":18,"minecraft:short_grass":54,"minecraft:emerald_ore":4,"minecraft:oak_wood":145,"minecraft:tall_grass":8,"minecraft:sculk":73,"minecraft:spruce_stairs":49,"minecraft:birch_planks":111,"minecraft:trapped_chest":1,"minecraft:spruce_log":231,"minecraft:birch_leaves":2,"minecraft:yellow_bed":1,"minecraft:coal_ore":20,"minecraft:cherry_leaves":4,"minecraft:gravel":7,"minecraft:stone_bricks":153},"minecraft:killed":{"minecraft:spider":5,"minecraft:skeleton":3,"minecraft:pig":12,"minecraft:creeper":1,"minecraft:sheep":7,"minecraft:trader_llama":2,"minecraft:zombie":10,"minecraft:cow":25,"minecraft:wandering_trader":2,"minecraft:enderman":1},"minecraft:crafted":{"minecraft:oak_planks":376,"minecraft:cobblestone_stairs":12,"minecraft:stone":493,"minecraft:cooked_mutton":9,"minecraft:stone_brick_slab":6,"minecraft:iron_boots":1,"minecraft:chest":1,"minecraft:stone_bricks":545,"minecraft:smoker":2,"minecraft:cooked_porkchop":6,"minecraft:crafting_table":9,"minecraft:spruce_planks":280,"minecraft:wooden_pickaxe":2,"minecraft:iron_helmet":1,"minecraft:birch_planks":256,"minecraft:stone_brick_stairs":13,"minecraft:spruce_trapdoor":46,"minecraft:iron_chestplate":1,"minecraft:stick":40,"minecraft:iron_ingot":48,"minecraft:iron_pickaxe":9,"minecraft:stone_sword":1,"minecraft:cherry_planks":60,"minecraft:player_head":1,"minecraft:furnace":1,"minecraft:spruce_fence":30,"minecraft:flint_and_steel":2,"minecraft:spruce_stairs":20,"minecraft:iron_axe":4,"minecraft:spruce_slab":30,"minecraft:stone_pickaxe":6,"minecraft:wheat":225,"minecraft:cooked_beef":28,"minecraft:stone_axe":2,"minecraft:bread":79,"minecraft:air":0,"minecraft:oak_boat":1,"minecraft:oak_stairs":16,"minecraft:iron_leggings":1,"minecraft:iron_shovel":2,"minecraft:torch":72},"minecraft:custom":{"minecraft:interact_with_crafting_table":88,"minecraft:bell_ring":1,"minecraft:leave_game":24,"minecraft:time_since_death":28735,"minecraft:sprint_one_cm":1235957,"minecraft:drop":132,"minecraft:talked_to_villager":7,"minecraft:play_time":883232,"minecraft:deaths":9,"minecraft:jump":11363,"minecraft:walk_on_water_one_cm":42540,"minecraft:interact_with_furnace":112,"minecraft:sleep_in_bed":5,"minecraft:damage_dealt":9286,"minecraft:crouch_one_cm":240222,"minecraft:interact_with_smoker":24,"minecraft:mob_kills":69,"minecraft:climb_one_cm":29451,"minecraft:walk_one_cm":1958168,"minecraft:sneak_time":53904,"minecraft:walk_under_water_one_cm":39189,"minecraft:total_world_time":883232,"minecraft:interact_with_stonecutter":8,"minecraft:time_since_rest":29505,"minecraft:damage_taken":8272,"minecraft:trigger_trapped_chest":12,"minecraft:swim_one_cm":85974,"minecraft:fly_one_cm":2265554,"minecraft:open_chest":264,"minecraft:fall_one_cm":337391},"minecraft:broken":{"minecraft:iron_shovel":4,"minecraft:stone_pickaxe":4,"minecraft:stone_axe":1,"minecraft:flint_and_steel":2,"minecraft:iron_axe":2,"minecraft:iron_pickaxe":9},"minecraft:dropped":{"minecraft:cooked_beef":7,"minecraft:oak_log":1,"minecraft:leather":2,"minecraft:dirt":99,"minecraft:gold_nugget":8,"minecraft:iron_pickaxe":2,"minecraft:white_wool":6,"minecraft:bone":3,"minecraft:oak_door":2,"minecraft:gravel":14,"minecraft:iron_nugget":13,"minecraft:wheat":1,"minecraft:pointed_dripstone":1,"minecraft:cherry_sapling":1,"minecraft:rotten_flesh":7,"minecraft:oak_planks":7,"minecraft:gunpowder":1,"minecraft:beetroot_seeds":1,"minecraft:stone_brick_wall":2,"minecraft:birch_door":2,"minecraft:spruce_slab":43,"minecraft:arrow":3,"minecraft:glass":123,"minecraft:netherrack":1,"minecraft:iron_ingot":2,"minecraft:wheat_seeds":10,"minecraft:poisonous_potato":1,"minecraft:oak_fence":1,"minecraft:cobblestone":122,"minecraft:granite":1,"minecraft:spruce_stairs":62,"minecraft:coal":8,"minecraft:stick":24,"minecraft:torch":64,"minecraft:brown_wool":1,"minecraft:iron_axe":2,"minecraft:iron_shovel":1,"minecraft:string":1,"minecraft:pink_petals":9,"minecraft:spruce_sapling":33,"minecraft:stone_brick_slab":2,"minecraft:player_head":65,"minecraft:stone_sword":1,"minecraft:light_gray_wool":1,"minecraft:glass_pane":119,"minecraft:stone":506,"minecraft:spruce_trapdoor":66,"minecraft:spruce_planks":56,"minecraft:andesite":1,"minecraft:oak_sapling":29,"minecraft:spider_eye":1,"minecraft:stone_bricks":348,"minecraft:bamboo":5,"minecraft:spruce_log":21,"minecraft:bow":1,"minecraft:stone_pickaxe":1,"minecraft:wooden_pickaxe":1},"minecraft:used":{"minecraft:cherry_sapling":28,"minecraft:iron_shovel":1166,"minecraft:spruce_slab":15,"minecraft:oak_sign":3,"minecraft:player_head":6,"minecraft:carrot":27,"minecraft:lava_bucket":7,"minecraft:lantern":5,"minecraft:birch_sapling":13,"minecraft:stone_brick_stairs":79,"minecraft:stone_bricks":935,"minecraft:scaffolding":15,"minecraft:mangrove_roots":3,"minecraft:furnace":3,"minecraft:gold_block":1,"minecraft:spruce_door":3,"minecraft:stone_pickaxe":524,"minecraft:oak_planks":222,"minecraft:wooden_pickaxe":14,"minecraft:sugar_cane":6,"minecraft:golden_apple":1,"minecraft:stone_brick_wall":9,"minecraft:bread":91,"minecraft:andesite":1,"minecraft:oak_fence":13,"minecraft:stone_sword":117,"minecraft:flint_and_steel":128,"minecraft:armor_stand":1,"minecraft:spruce_planks":91,"minecraft:oak_door":1,"minecraft:torch":96,"minecraft:dirt":1119,"minecraft:spruce_stairs":72,"minecraft:spruce_fence":31,"minecraft:stone_brick_slab":4,"minecraft:iron_axe":1008,"minecraft:oak_stairs":22,"minecraft:cooked_beef":24,"minecraft:cobblestone_stairs":9,"minecraft:birch_planks":263,"minecraft:stonecutter":1,"minecraft:crafting_table":27,"minecraft:smoker":3,"minecraft:oak_log":7,"minecraft:apple":12,"minecraft:iron_pickaxe":2637,"minecraft:spruce_trapdoor":92,"minecraft:spruce_sapling":9,"minecraft:stone_axe":193,"minecraft:pink_petals":9,"minecraft:cobblestone":2086,"minecraft:cooked_porkchop":7,"minecraft:bucket":4,"minecraft:glass_pane":9,"minecraft:dandelion":1},"minecraft:killed_by":{"minecraft:creeper":1,"minecraft:player":1,"minecraft:enderman":1},"minecraft:picked_up":{"minecraft:birch_door":10,"minecraft:iron_chestplate":1,"minecraft:wheat":39,"minecraft:lead":12,"minecraft:oak_stairs":14,"minecraft:golden_shovel":1,"minecraft:stone_brick_stairs":52,"minecraft:string":11,"minecraft:iron_leggings":1,"minecraft:armor_stand":5,"minecraft:oak_sign":9,"minecraft:gold_nugget":10,"minecraft:spruce_planks":100,"minecraft:calcite":679,"minecraft:iron_pickaxe":9,"minecraft:iron_boots":4,"minecraft:furnace":9,"minecraft:stick":163,"minecraft:oak_fence":20,"minecraft:torch":413,"minecraft:spruce_stairs":164,"minecraft:porkchop":45,"minecraft:cherry_log":91,"minecraft:pointed_dripstone":1,"minecraft:stone_sword":7,"minecraft:rotten_flesh":7,"minecraft:mangrove_roots":5,"minecraft:obsidian":8,"minecraft:snowball":8,"minecraft:cobblestone":2870,"minecraft:birch_log":148,"minecraft:pink_petals":87,"minecraft:cooked_beef":4,"minecraft:andesite":3,"minecraft:brown_wool":1,"minecraft:smoker":2,"minecraft:potato":25,"minecraft:flint":6,"minecraft:tuff":1,"minecraft:lantern":9,"minecraft:dirt":1279,"minecraft:lapis_lazuli":30,"minecraft:glass":123,"minecraft:bone":7,"minecraft:stonecutter":1,"minecraft:bow":1,"minecraft:wheat_seeds":239,"minecraft:bamboo":30,"minecraft:oak_planks":795,"minecraft:cooked_porkchop":1,"minecraft:sand":272,"minecraft:diamond":5,"minecraft:granite":1,"minecraft:bread":32,"minecraft:emerald":17,"minecraft:oak_sapling":86,"minecraft:netherrack":1,"minecraft:crafting_table":24,"minecraft:wooden_pickaxe":1,"minecraft:gold_block":6,"minecraft:iron_axe":4,"minecraft:iron_shovel":9,"minecraft:glass_pane":167,"minecraft:beef":81,"minecraft:oak_boat":1,"minecraft:player_head":11,"minecraft:iron_nugget":65,"minecraft:spruce_slab":33,"minecraft:light_gray_wool":1,"minecraft:sugar_cane":81,"minecraft:chest":12,"minecraft:birch_sapling":28,"minecraft:spruce_trapdoor":212,"minecraft:raw_iron":170,"minecraft:stone":638,"minecraft:oak_door":3,"minecraft:spruce_fence":10,"minecraft:fire_charge":5,"minecraft:carrot":59,"minecraft:redstone":10,"minecraft:arrow":4,"minecraft:beetroot_seeds":8,"minecraft:hay_block":65,"minecraft:gold_ingot":3,"minecraft:mutton":9,"minecraft:white_wool":6,"minecraft:stripped_oak_log":1,"minecraft:leather":71,"minecraft:birch_planks":79,"minecraft:oak_log":68,"minecraft:yellow_bed":1,"minecraft:gunpowder":1,"minecraft:cobblestone_stairs":12,"minecraft:cooked_mutton":14,"minecraft:apple":22,"minecraft:stone_bricks":1500,"minecraft:spruce_wood":10,"minecraft:iron_ingot":5,"minecraft:stone_pickaxe":1,"minecraft:scaffolding":57,"minecraft:dandelion":1,"minecraft:gravel":15,"minecraft:lava_bucket":3,"minecraft:spruce_sapling":42,"minecraft:white_bed":2,"minecraft:spruce_log":289,"minecraft:spider_eye":3,"minecraft:spruce_door":1,"minecraft:oak_wood":98,"minecraft:stone_axe":2,"minecraft:iron_helmet":1,"minecraft:cherry_sapling":46,"minecraft:coal":105}},"DataVersion":3955}