{"stats":{"minecraft:broken":{"minecraft:iron_shovel":4,"minecraft:stone_pickaxe":4,"minecraft:stone_axe":1,"minecraft:iron_pickaxe":6},"minecraft:picked_up":{"minecraft:crafting_table":15,"minecraft:wheat":1,"minecraft:wooden_pickaxe":1,"minecraft:string":7,"minecraft:iron_shovel":4,"minecraft:gold_nugget":10,"minecraft:spruce_planks":24,"minecraft:beef":41,"minecraft:oak_boat":1,"minecraft:player_head":1,"minecraft:calcite":153,"minecraft:iron_pickaxe":3,"minecraft:sugar_cane":21,"minecraft:iron_boots":3,"minecraft:furnace":9,"minecraft:stick":99,"minecraft:raw_iron":54,"minecraft:oak_door":3,"minecraft:oak_fence":1,"minecraft:torch":122,"minecraft:porkchop":38,"minecraft:cherry_log":91,"minecraft:pointed_dripstone":1,"minecraft:carrot":33,"minecraft:stone_sword":2,"minecraft:arrow":3,"minecraft:rotten_flesh":2,"minecraft:beetroot_seeds":5,"minecraft:hay_block":57,"minecraft:mangrove_roots":1,"minecraft:gold_ingot":3,"minecraft:obsidian":8,"minecraft:snowball":8,"minecraft:cobblestone":2231,"minecraft:pink_petals":51,"minecraft:cooked_beef":4,"minecraft:andesite":3,"minecraft:leather":32,"minecraft:smoker":2,"minecraft:potato":18,"minecraft:oak_log":28,"minecraft:yellow_bed":1,"minecraft:gunpowder":1,"minecraft:dirt":1121,"minecraft:lantern":2,"minecraft:cooked_mutton":14,"minecraft:bone":5,"minecraft:apple":16,"minecraft:wheat_seeds":116,"minecraft:spruce_wood":10,"minecraft:stone_pickaxe":1,"minecraft:bamboo":10,"minecraft:oak_planks":308,"minecraft:cooked_porkchop":1,"minecraft:dandelion":1,"minecraft:gravel":15,"minecraft:sand":144,"minecraft:spruce_sapling":3,"minecraft:white_bed":2,"minecraft:spider_eye":1,"minecraft:oak_wood":11,"minecraft:diamond":1,"minecraft:stone_axe":2,"minecraft:granite":1,"minecraft:cherry_sapling":46,"minecraft:emerald":4,"minecraft:bread":21,"minecraft:oak_sapling":18,"minecraft:coal":79},"minecraft:crafted":{"minecraft:cherry_planks":60,"minecraft:oak_planks":72,"minecraft:player_head":1,"minecraft:furnace":1,"minecraft:cobblestone_stairs":12,"minecraft:iron_axe":1,"minecraft:stone_pickaxe":6,"minecraft:chest":1,"minecraft:wheat":153,"minecraft:smoker":2,"minecraft:cooked_beef":5,"minecraft:cooked_porkchop":6,"minecraft:crafting_table":5,"minecraft:spruce_planks":4,"minecraft:wooden_pickaxe":2,"minecraft:stone_axe":2,"minecraft:bread":51,"minecraft:air":0,"minecraft:oak_boat":1,"minecraft:stick":16,"minecraft:iron_ingot":24,"minecraft:iron_pickaxe":5,"minecraft:stone_sword":1,"minecraft:iron_shovel":2,"minecraft:torch":72},"minecraft:killed":{"minecraft:spider":2,"minecraft:skeleton":2,"minecraft:pig":8,"minecraft:creeper":1,"minecraft:zombie":5,"minecraft:enderman":1,"minecraft:cow":4},"minecraft:custom":{"minecraft:mob_kills":23,"minecraft:interact_with_crafting_table":51,"minecraft:bell_ring":1,"minecraft:leave_game":14,"minecraft:time_since_death":374034,"minecraft:climb_one_cm":636,"minecraft:sprint_one_cm":693678,"minecraft:walk_one_cm":898433,"minecraft:drop":49,"minecraft:talked_to_villager":7,"minecraft:play_time":411920,"minecraft:deaths":3,"minecraft:sneak_time":25135,"minecraft:walk_under_water_one_cm":8642,"minecraft:jump":5822,"minecraft:walk_on_water_one_cm":26696,"minecraft:total_world_time":411920,"minecraft:interact_with_furnace":20,"minecraft:sleep_in_bed":1,"minecraft:time_since_rest":82012,"minecraft:damage_taken":3850,"minecraft:trigger_trapped_chest":2,"minecraft:damage_dealt":3837,"minecraft:swim_one_cm":34625,"minecraft:fly_one_cm":1245334,"minecraft:open_chest":84,"minecraft:crouch_one_cm":132521,"minecraft:interact_with_smoker":6,"minecraft:fall_one_cm":189384},"minecraft:dropped":{"minecraft:cooked_beef":7,"minecraft:oak_log":1,"minecraft:oak_fence":1,"minecraft:cobblestone":113,"minecraft:leather":2,"minecraft:stick":18,"minecraft:dirt":8,"minecraft:torch":64,"minecraft:gold_nugget":8,"minecraft:iron_pickaxe":1,"minecraft:spruce_sapling":3,"minecraft:bone":3,"minecraft:oak_door":2,"minecraft:gravel":14,"minecraft:player_head":65,"minecraft:stone_sword":1,"minecraft:wheat":1,"minecraft:cherry_sapling":1,"minecraft:rotten_flesh":2,"minecraft:andesite":1,"minecraft:beetroot_seeds":1,"minecraft:spider_eye":1,"minecraft:bamboo":5,"minecraft:wooden_pickaxe":1,"minecraft:arrow":3,"minecraft:stone_pickaxe":1},"minecraft:mined":{"minecraft:oak_door":1,"minecraft:cherry_log":65,"minecraft:cherry_sapling":7,"minecraft:mangrove_roots":2,"minecraft:granite":1,"minecraft:grass_block":22,"minecraft:hay_block":16,"minecraft:carrots":29,"minecraft:furnace":4,"minecraft:iron_ore":38,"minecraft:andesite":4,"minecraft:potatoes":7,"minecraft:pointed_dripstone":4,"minecraft:dirt_path":1,"minecraft:bamboo_sapling":2,"minecraft:stone":1638,"minecraft:glass_pane":1,"minecraft:smoker":2,"minecraft:snow_block":2,"minecraft:oak_fence":1,"minecraft:crafting_table":12,"minecraft:torch":12,"minecraft:short_grass":25,"minecraft:emerald_ore":3,"minecraft:calcite":171,"minecraft:cobblestone":176,"minecraft:tall_grass":2,"minecraft:sugar_cane":11,"minecraft:oak_planks":52,"minecraft:pink_petals":16,"minecraft:wheat":41,"minecraft:yellow_bed":1,"minecraft:coal_ore":3,"minecraft:oak_log":7,"minecraft:beetroots":3,"minecraft:cherry_leaves":4,"minecraft:gravel":7,"minecraft:sand":5,"minecraft:dirt":1073,"minecraft:oak_leaves":5},"minecraft:killed_by":{"minecraft:creeper":1,"minecraft:enderman":1},"minecraft:used":{"minecraft:cherry_sapling":28,"minecraft:stone_sword":30,"minecraft:iron_shovel":1072,"minecraft:player_head":4,"minecraft:oak_door":1,"minecraft:torch":70,"minecraft:dirt":1117,"minecraft:carrot":13,"minecraft:mangrove_roots":1,"minecraft:furnace":3,"minecraft:cooked_beef":2,"minecraft:cobblestone_stairs":9,"minecraft:stone_pickaxe":524,"minecraft:oak_planks":39,"minecraft:wooden_pickaxe":14,"minecraft:sugar_cane":6,"minecraft:golden_apple":1,"minecraft:crafting_table":17,"minecraft:smoker":3,"minecraft:apple":10,"minecraft:bread":57,"minecraft:iron_pickaxe":1539,"minecraft:stone_axe":193,"minecraft:pink_petals":9,"minecraft:cobblestone":2071,"minecraft:cooked_porkchop":7,"minecraft:andesite":1,"minecraft:dandelion":1}},"DataVersion":3955}