{"stats":{"minecraft:dropped":{"minecraft:iron_sword":1,"minecraft:birch_planks":48,"minecraft:lapis_lazuli":30,"minecraft:cooked_beef":9,"minecraft:oak_log":32,"minecraft:baked_potato":6,"minecraft:golden_pickaxe":1,"minecraft:diamond":1,"minecraft:crafting_table":2,"minecraft:lantern":5,"minecraft:emerald":4,"minecraft:flint":3,"minecraft:gold_block":1,"minecraft:dirt":28,"minecraft:mangrove_wood":5,"minecraft:mangrove_stairs":18,"minecraft:gold_nugget":2,"minecraft:sand":156,"minecraft:iron_pickaxe":4,"minecraft:white_wool":9,"minecraft:bone":15,"minecraft:armor_stand":1,"minecraft:oak_door":2,"minecraft:gravel":46,"minecraft:stone_axe":1,"minecraft:mangrove_roots":3,"minecraft:iron_nugget":13,"minecraft:cobbled_deepslate":13,"minecraft:wheat":1,"minecraft:cherry_sapling":63,"minecraft:deepslate_brick_slab":30,"minecraft:rotten_flesh":30,"minecraft:oak_planks":139,"minecraft:salmon":9,"minecraft:oak_wood":50,"minecraft:ochre_froglight":2,"minecraft:beetroot_seeds":1,"minecraft:hopper":1,"minecraft:azalea":11,"minecraft:chest":3,"minecraft:spruce_wood":31,"minecraft:spruce_slab":28,"minecraft:arrow":6,"minecraft:glass":123,"minecraft:scaffolding":55,"minecraft:netherrack":44,"minecraft:egg":1,"minecraft:bread":39,"minecraft:iron_ingot":11,"minecraft:wheat_seeds":48,"minecraft:cherry_log":71,"minecraft:golden_helmet":1,"minecraft:oak_fence":20,"minecraft:golden_axe":2,"minecraft:feather":1,"minecraft:cobblestone":415,"minecraft:amethyst_block":2,"minecraft:spruce_stairs":162,"minecraft:coal":9,"minecraft:stick":52,"minecraft:lava_bucket":3,"minecraft:gray_wool":1,"minecraft:torch":359,"minecraft:wooden_axe":1,"minecraft:cherry_planks":114,"minecraft:oak_stairs":19,"minecraft:iron_axe":2,"minecraft:iron_shovel":5,"minecraft:string":5,"minecraft:pink_petals":675,"minecraft:spruce_sapling":77,"minecraft:dandelion":1,"minecraft:redstone":10,"minecraft:stone_sword":1,"minecraft:tuff":1,"minecraft:light_gray_wool":4,"minecraft:iron_boots":2,"minecraft:spruce_fence":8,"minecraft:oak_sign":3,"minecraft:glass_pane":145,"minecraft:deepslate_bricks":123,"minecraft:potato":4,"minecraft:hay_block":13,"minecraft:stone":638,"minecraft:spruce_trapdoor":136,"minecraft:spruce_planks":63,"minecraft:andesite":10,"minecraft:oak_boat":2,"minecraft:oak_sapling":34,"minecraft:stone_bricks":847,"minecraft:spider_eye":2,"minecraft:bamboo":15,"minecraft:spruce_log":109,"minecraft:stone_pickaxe":1,"minecraft:wooden_pickaxe":2,"minecraft:calcite":412,"minecraft:black_wool":2},"minecraft:mined":{"minecraft:spruce_planks":59,"minecraft:white_bed":13,"minecraft:cobblestone_stairs":6,"minecraft:sculk_vein":3,"minecraft:cherry_log":595,"minecraft:brewing_stand":1,"minecraft:spruce_trapdoor":56,"minecraft:grass_block":414,"minecraft:stone_brick_wall":3,"minecraft:deepslate_bricks":47,"minecraft:hopper":14,"minecraft:oak_wall_sign":9,"minecraft:smooth_stone":8,"minecraft:fire":15,"minecraft:iron_ore":205,"minecraft:cobbled_deepslate":3,"minecraft:dirt_path":8,"minecraft:oak_stairs":5,"minecraft:spruce_wood":83,"minecraft:azalea_leaves":1,"minecraft:spruce_slab":9,"minecraft:deepslate_redstone_ore":5,"minecraft:smoker":3,"minecraft:amethyst_cluster":12,"minecraft:powder_snow":3,"minecraft:torch":29,"minecraft:calcite":317,"minecraft:chest":17,"minecraft:glass":9,"minecraft:cobblestone":114,"minecraft:sugar_cane":292,"minecraft:oak_planks":295,"minecraft:wall_torch":3,"minecraft:amethyst_block":1,"minecraft:pink_petals":331,"minecraft:stone_brick_stairs":24,"minecraft:oak_log":253,"minecraft:sand":143,"minecraft:dirt":1854,"minecraft:mangrove_log":35,"minecraft:netherrack":45,"minecraft:oak_leaves":31,"minecraft:deepslate":411,"minecraft:tuff":2,"minecraft:deepslate_diamond_ore":5,"minecraft:mangrove_roots":3,"minecraft:spruce_fence":16,"minecraft:spruce_leaves":41,"minecraft:rooted_dirt":5,"minecraft:large_fern":1,"minecraft:hay_block":99,"minecraft:deepslate_brick_slab":3,"minecraft:redstone_ore":5,"minecraft:spruce_sapling":1,"minecraft:furnace":18,"minecraft:carrots":10,"minecraft:andesite":16,"minecraft:stripped_spruce_log":2,"minecraft:gold_block":1,"minecraft:potatoes":2,"minecraft:deepslate_iron_ore":59,"minecraft:stripped_oak_log":6,"minecraft:packed_ice":1,"minecraft:bamboo":7,"minecraft:stone":3019,"minecraft:scaffolding":45,"minecraft:mangrove_stairs":2,"minecraft:glass_pane":14,"minecraft:cherry_planks":78,"minecraft:snow_block":11,"minecraft:stone_brick_slab":4,"minecraft:dandelion":4,"minecraft:spruce_door":6,"minecraft:oak_fence":2,"minecraft:crafting_table":26,"minecraft:mangrove_wood":8,"minecraft:short_grass":119,"minecraft:emerald_ore":5,"minecraft:oak_wood":461,"minecraft:tall_grass":18,"minecraft:lapis_ore":8,"minecraft:deepslate_gold_ore":15,"minecraft:sculk":21,"minecraft:spruce_stairs":29,"minecraft:birch_planks":102,"minecraft:coarse_dirt":5,"minecraft:trapped_chest":2,"minecraft:spruce_log":630,"minecraft:mangrove_planks":4,"minecraft:bee_nest":1,"minecraft:coal_ore":499,"minecraft:ochre_froglight":6,"minecraft:cherry_leaves":1,"minecraft:gravel":5,"minecraft:stone_bricks":429,"minecraft:gold_ore":2},"minecraft:killed_by":{"minecraft:zombie":3,"minecraft:player":1,"minecraft:skeleton":1},"minecraft:custom":{"minecraft:interact_with_crafting_table":152,"minecraft:bell_ring":1,"minecraft:leave_game":37,"minecraft:time_since_death":12459,"minecraft:sprint_one_cm":1349369,"minecraft:drop":378,"minecraft:talked_to_villager":6,"minecraft:play_time":1240352,"minecraft:deaths":6,"minecraft:jump":16962,"minecraft:walk_on_water_one_cm":108249,"minecraft:interact_with_furnace":331,"minecraft:sleep_in_bed":30,"minecraft:damage_dealt":22440,"minecraft:player_kills":1,"minecraft:crouch_one_cm":252251,"minecraft:interact_with_smoker":23,"minecraft:mob_kills":142,"minecraft:inspect_hopper":27,"minecraft:climb_one_cm":67824,"minecraft:walk_one_cm":2747185,"minecraft:sneak_time":63445,"minecraft:walk_under_water_one_cm":72575,"minecraft:boat_one_cm":6027,"minecraft:total_world_time":1240352,"minecraft:interact_with_grindstone":2,"minecraft:interact_with_stonecutter":12,"minecraft:time_since_rest":12512,"minecraft:damage_taken":13314,"minecraft:trigger_trapped_chest":5,"minecraft:swim_one_cm":87293,"minecraft:fly_one_cm":3001041,"minecraft:open_chest":384,"minecraft:fall_one_cm":450937},"minecraft:used":{"minecraft:cherry_sapling":89,"minecraft:iron_shovel":1927,"minecraft:spruce_slab":4,"minecraft:oak_sign":27,"minecraft:chest":22,"minecraft:shield":1,"minecraft:iron_sword":321,"minecraft:player_head":2,"minecraft:rotten_flesh":1,"minecraft:deepslate_brick_slab":1,"minecraft:tuff":1,"minecraft:snowball":65,"minecraft:glass":9,"minecraft:lava_bucket":2,"minecraft:mangrove_stairs":32,"minecraft:grass_block":19,"minecraft:lantern":12,"minecraft:stone_brick_stairs":232,"minecraft:stone_bricks":1026,"minecraft:scaffolding":111,"minecraft:furnace":26,"minecraft:oak_sapling":3,"minecraft:spruce_door":7,"minecraft:oak_planks":956,"minecraft:stone_pickaxe":145,"minecraft:mangrove_planks":4,"minecraft:wooden_pickaxe":41,"minecraft:sugar_cane":92,"minecraft:white_wool":4,"minecraft:sand":7,"minecraft:stone_brick_wall":96,"minecraft:ochre_froglight":1,"minecraft:deepslate_brick_stairs":1,"minecraft:bread":161,"minecraft:fire_charge":1,"minecraft:andesite":6,"minecraft:coarse_dirt":5,"minecraft:azalea":1,"minecraft:oak_fence":30,"minecraft:stone_sword":27,"minecraft:flint_and_steel":64,"minecraft:stone_shovel":396,"minecraft:spruce_planks":308,"minecraft:torch":411,"minecraft:brewing_stand":1,"minecraft:dirt":2188,"minecraft:hopper":14,"minecraft:spruce_stairs":49,"minecraft:spruce_fence":44,"minecraft:stone_brick_slab":51,"minecraft:iron_axe":1370,"minecraft:rooted_dirt":4,"minecraft:cooked_beef":26,"minecraft:cobbled_deepslate":18,"minecraft:cherry_log":4,"minecraft:golden_axe":18,"minecraft:calcite":37,"minecraft:cooked_mutton":16,"minecraft:water_bucket":141,"minecraft:cobblestone_stairs":6,"minecraft:birch_planks":277,"minecraft:baked_potato":10,"minecraft:cherry_planks":776,"minecraft:deepslate_bricks":13,"minecraft:crafting_table":26,"minecraft:white_bed":17,"minecraft:smoker":4,"minecraft:spruce_log":128,"minecraft:apple":40,"minecraft:iron_pickaxe":5162,"minecraft:spruce_trapdoor":234,"minecraft:spruce_sapling":60,"minecraft:stone_axe":1624,"minecraft:pink_petals":58,"minecraft:cobblestone":1166,"minecraft:white_banner":2,"minecraft:cooked_porkchop":23,"minecraft:lapis_block":2,"minecraft:bucket":147,"minecraft:glass_pane":70,"minecraft:stripped_oak_log":5,"minecraft:dandelion":1},"minecraft:picked_up":{"minecraft:wooden_axe":1,"minecraft:iron_chestplate":1,"minecraft:wheat":1,"minecraft:oak_stairs":19,"minecraft:stone_brick_stairs":22,"minecraft:brewing_stand":1,"minecraft:amethyst_block":3,"minecraft:string":19,"minecraft:iron_leggings":1,"minecraft:armor_stand":1,"minecraft:oak_sign":13,"minecraft:smooth_stone":16,"minecraft:cobbled_deepslate":437,"minecraft:bucket":1,"minecraft:spruce_planks":67,"minecraft:calcite":692,"minecraft:azalea":12,"minecraft:iron_pickaxe":8,"minecraft:mangrove_log":35,"minecraft:iron_boots":3,"minecraft:furnace":19,"minecraft:golden_helmet":1,"minecraft:stick":900,"minecraft:oak_fence":2,"minecraft:torch":576,"minecraft:spruce_stairs":123,"minecraft:porkchop":23,"minecraft:golden_axe":2,"minecraft:cherry_log":773,"minecraft:mangrove_stairs":2,"minecraft:rotten_flesh":38,"minecraft:mangrove_roots":3,"minecraft:deepslate_brick_stairs":1,"minecraft:obsidian":4,"minecraft:snowball":68,"minecraft:cobblestone":3333,"minecraft:pink_petals":1097,"minecraft:cooked_beef":9,"minecraft:cherry_planks":317,"minecraft:water_bucket":3,"minecraft:andesite":24,"minecraft:smoker":3,"minecraft:potato":42,"minecraft:flint":2,"minecraft:tuff":2,"minecraft:lapis_lazuli":192,"minecraft:dirt":2423,"minecraft:lantern":7,"minecraft:glass":123,"minecraft:bone":22,"minecraft:wheat_seeds":72,"minecraft:deepslate_brick_slab":35,"minecraft:raw_gold":23,"minecraft:bamboo":87,"minecraft:oak_planks":592,"minecraft:sand":222,"minecraft:stripped_spruce_log":1,"minecraft:grass_block":19,"minecraft:diamond":14,"minecraft:mangrove_wood":5,"minecraft:bread":101,"minecraft:emerald":18,"minecraft:rooted_dirt":4,"minecraft:oak_sapling":233,"minecraft:netherrack":44,"minecraft:coarse_dirt":5,"minecraft:crafting_table":28,"minecraft:ominous_bottle":4,"minecraft:wooden_pickaxe":1,"minecraft:stone_brick_wall":3,"minecraft:gold_block":1,"minecraft:iron_axe":2,"minecraft:iron_shovel":4,"minecraft:glass_pane":119,"minecraft:beef":50,"minecraft:oak_boat":2,"minecraft:player_head":3,"minecraft:spruce_slab":51,"minecraft:light_gray_wool":4,"minecraft:sugar_cane":564,"minecraft:chest":17,"minecraft:spruce_trapdoor":116,"minecraft:phantom_membrane":5,"minecraft:raw_iron":340,"minecraft:stone":576,"minecraft:oak_door":2,"minecraft:copper_ingot":1,"minecraft:spruce_fence":16,"minecraft:carrot":62,"minecraft:redstone":142,"minecraft:arrow":17,"minecraft:beetroot_seeds":2,"minecraft:deepslate_bricks":38,"minecraft:hay_block":114,"minecraft:gold_ingot":11,"minecraft:mutton":32,"minecraft:white_wool":16,"minecraft:stripped_oak_log":6,"minecraft:salmon":14,"minecraft:leather":67,"minecraft:ochre_froglight":3,"minecraft:birch_planks":102,"minecraft:oak_log":313,"minecraft:golden_boots":1,"minecraft:yellow_bed":1,"minecraft:gunpowder":10,"minecraft:cobblestone_stairs":6,"minecraft:white_banner":2,"minecraft:apple":20,"minecraft:stone_bricks":953,"minecraft:spruce_wood":37,"minecraft:iron_ingot":78,"minecraft:mangrove_planks":4,"minecraft:iron_sword":6,"minecraft:scaffolding":94,"minecraft:stone_brick_slab":6,"minecraft:dandelion":2,"minecraft:gravel":36,"minecraft:amethyst_shard":144,"minecraft:spruce_sapling":229,"minecraft:white_bed":16,"minecraft:spruce_log":783,"minecraft:spider_eye":2,"minecraft:spruce_door":6,"minecraft:oak_wood":644,"minecraft:stone_axe":4,"minecraft:iron_helmet":1,"minecraft:cherry_sapling":240,"minecraft:gray_wool":1,"minecraft:baked_potato":16,"minecraft:black_wool":2,"minecraft:coal":777,"minecraft:hopper":16,"minecraft:ender_pearl":8},"minecraft:crafted":{"minecraft:oak_planks":1316,"minecraft:oak_sign":18,"minecraft:stone":1435,"minecraft:cooked_mutton":21,"minecraft:glass":192,"minecraft:hopper":2,"minecraft:stone_brick_slab":36,"minecraft:iron_boots":1,"minecraft:mangrove_stairs":48,"minecraft:chest":10,"minecraft:stone_hoe":1,"minecraft:stone_bricks":1308,"minecraft:oak_fence":48,"minecraft:cooked_porkchop":23,"minecraft:crafting_table":2,"minecraft:spruce_planks":1416,"minecraft:iron_helmet":1,"minecraft:wooden_pickaxe":1,"minecraft:spruce_door":3,"minecraft:birch_planks":256,"minecraft:stone_brick_stairs":169,"minecraft:spruce_trapdoor":254,"minecraft:iron_chestplate":1,"minecraft:charcoal":256,"minecraft:shield":2,"minecraft:stick":356,"minecraft:iron_ingot":216,"minecraft:iron_pickaxe":24,"minecraft:stone_sword":1,"minecraft:gold_ingot":11,"minecraft:cherry_planks":920,"minecraft:stone_shovel":3,"minecraft:stone_brick_wall":111,"minecraft:iron_nugget":99,"minecraft:furnace":14,"minecraft:spruce_fence":36,"minecraft:glass_pane":160,"minecraft:flint_and_steel":1,"minecraft:scaffolding":72,"minecraft:lantern":12,"minecraft:spruce_stairs":88,"minecraft:iron_axe":7,"minecraft:spruce_slab":24,"minecraft:stone_pickaxe":2,"minecraft:wheat":684,"minecraft:cooked_beef":27,"minecraft:iron_sword":2,"minecraft:deepslate_brick_slab":60,"minecraft:mangrove_planks":76,"minecraft:bucket":5,"minecraft:stone_axe":12,"minecraft:bread":217,"minecraft:air":0,"minecraft:oak_boat":3,"minecraft:iron_shovel":18,"minecraft:iron_leggings":1,"minecraft:white_bed":1,"minecraft:torch":372,"minecraft:lapis_block":2},"minecraft:killed":{"minecraft:spider":9,"minecraft:skeleton":12,"minecraft:bee":3,"minecraft:pig":7,"minecraft:zombie_villager":1,"minecraft:salmon":14,"minecraft:creeper":3,"minecraft:sheep":19,"minecraft:trader_llama":1,"minecraft:pillager":1,"minecraft:zombie":32,"minecraft:cow":23,"minecraft:phantom":3,"minecraft:horse":2,"minecraft:drowned":1,"minecraft:player":1,"minecraft:enderman":5},"minecraft:broken":{"minecraft:golden_helmet":1,"minecraft:iron_shovel":6,"minecraft:stone_axe":10,"minecraft:stone_shovel":3,"minecraft:flint_and_steel":1,"minecraft:iron_axe":3,"minecraft:iron_pickaxe":18}},"DataVersion":3955}