{"stats":{"minecraft:used":{"minecraft:cherry_sapling":89,"minecraft:iron_shovel":1927,"minecraft:spruce_slab":4,"minecraft:oak_sign":27,"minecraft:chest":22,"minecraft:shield":1,"minecraft:iron_sword":328,"minecraft:player_head":2,"minecraft:rotten_flesh":1,"minecraft:deepslate_brick_slab":2,"minecraft:tuff":1,"minecraft:snowball":65,"minecraft:glass":9,"minecraft:lava_bucket":2,"minecraft:mangrove_stairs":63,"minecraft:lantern":16,"minecraft:grass_block":19,"minecraft:stone_brick_stairs":236,"minecraft:stone_bricks":1030,"minecraft:scaffolding":183,"minecraft:oak_sapling":3,"minecraft:furnace":26,"minecraft:spruce_door":7,"minecraft:oak_planks":956,"minecraft:stone_pickaxe":145,"minecraft:mangrove_planks":4,"minecraft:wooden_pickaxe":41,"minecraft:sugar_cane":92,"minecraft:white_wool":4,"minecraft:sand":7,"minecraft:stone_brick_wall":96,"minecraft:ochre_froglight":1,"minecraft:deepslate_brick_stairs":1,"minecraft:bread":183,"minecraft:fire_charge":1,"minecraft:andesite":6,"minecraft:coarse_dirt":5,"minecraft:azalea":1,"minecraft:oak_fence":30,"minecraft:stone_sword":27,"minecraft:flint_and_steel":64,"minecraft:stone_shovel":396,"minecraft:spruce_planks":308,"minecraft:cooked_chicken":2,"minecraft:torch":466,"minecraft:dirt":2305,"minecraft:brewing_stand":1,"minecraft:hopper":14,"minecraft:spruce_stairs":49,"minecraft:spruce_fence":90,"minecraft:stone_brick_slab":76,"minecraft:iron_axe":1411,"minecraft:rooted_dirt":4,"minecraft:cooked_beef":26,"minecraft:cobbled_deepslate":18,"minecraft:cherry_log":4,"minecraft:golden_axe":18,"minecraft:calcite":37,"minecraft:cooked_mutton":16,"minecraft:water_bucket":144,"minecraft:cobblestone_stairs":6,"minecraft:birch_planks":277,"minecraft:baked_potato":10,"minecraft:cherry_planks":776,"minecraft:deepslate_bricks":13,"minecraft:crafting_table":26,"minecraft:white_bed":17,"minecraft:spruce_log":132,"minecraft:smoker":4,"minecraft:apple":40,"minecraft:iron_pickaxe":5215,"minecraft:spruce_trapdoor":234,"minecraft:spruce_sapling":60,"minecraft:stone_axe":1624,"minecraft:pink_petals":58,"minecraft:cobblestone":1208,"minecraft:white_banner":2,"minecraft:cooked_porkchop":23,"minecraft:lapis_block":2,"minecraft:bucket":150,"minecraft:glass_pane":70,"minecraft:stripped_oak_log":5,"minecraft:dandelion":1},"minecraft:broken":{"minecraft:golden_helmet":1,"minecraft:iron_shovel":6,"minecraft:stone_axe":10,"minecraft:stone_shovel":3,"minecraft:flint_and_steel":1,"minecraft:iron_axe":3,"minecraft:iron_pickaxe":18},"minecraft:custom":{"minecraft:interact_with_crafting_table":160,"minecraft:bell_ring":1,"minecraft:leave_game":37,"minecraft:time_since_death":60991,"minecraft:sprint_one_cm":1394121,"minecraft:drop":404,"minecraft:talked_to_villager":6,"minecraft:play_time":1288884,"minecraft:deaths":6,"minecraft:jump":17779,"minecraft:walk_on_water_one_cm":109216,"minecraft:interact_with_furnace":342,"minecraft:sleep_in_bed":30,"minecraft:damage_dealt":22839,"minecraft:player_kills":1,"minecraft:crouch_one_cm":263590,"minecraft:interact_with_smoker":23,"minecraft:mob_kills":144,"minecraft:inspect_hopper":27,"minecraft:climb_one_cm":100119,"minecraft:walk_one_cm":2877664,"minecraft:sneak_time":66735,"minecraft:walk_under_water_one_cm":73384,"minecraft:boat_one_cm":6027,"minecraft:total_world_time":1288884,"minecraft:interact_with_stonecutter":15,"minecraft:interact_with_grindstone":2,"minecraft:time_since_rest":61044,"minecraft:damage_taken":14492,"minecraft:trigger_trapped_chest":6,"minecraft:swim_one_cm":87293,"minecraft:fly_one_cm":3091275,"minecraft:open_chest":408,"minecraft:fall_one_cm":476405},"minecraft:picked_up":{"minecraft:wooden_axe":1,"minecraft:iron_chestplate":1,"minecraft:wheat":1,"minecraft:oak_stairs":19,"minecraft:stone_brick_stairs":26,"minecraft:brewing_stand":1,"minecraft:amethyst_block":3,"minecraft:string":19,"minecraft:iron_leggings":1,"minecraft:armor_stand":1,"minecraft:oak_sign":13,"minecraft:smooth_stone":16,"minecraft:cobbled_deepslate":437,"minecraft:bucket":1,"minecraft:spruce_planks":67,"minecraft:calcite":692,"minecraft:azalea":12,"minecraft:iron_pickaxe":8,"minecraft:mangrove_log":35,"minecraft:iron_boots":3,"minecraft:furnace":19,"minecraft:golden_helmet":1,"minecraft:stick":916,"minecraft:oak_fence":2,"minecraft:torch":587,"minecraft:spruce_stairs":123,"minecraft:porkchop":23,"minecraft:golden_axe":2,"minecraft:cherry_log":773,"minecraft:stone_sword":2,"minecraft:mangrove_stairs":33,"minecraft:rotten_flesh":38,"minecraft:mangrove_roots":3,"minecraft:deepslate_brick_stairs":18,"minecraft:obsidian":4,"minecraft:snowball":68,"minecraft:cobblestone":3392,"minecraft:pink_petals":1097,"minecraft:cooked_beef":9,"minecraft:cherry_planks":365,"minecraft:water_bucket":3,"minecraft:andesite":24,"minecraft:smoker":3,"minecraft:potato":42,"minecraft:flint":2,"minecraft:tuff":2,"minecraft:lapis_lazuli":192,"minecraft:dirt":2431,"minecraft:lantern":8,"minecraft:glass":123,"minecraft:bone":22,"minecraft:wheat_seeds":72,"minecraft:deepslate_brick_slab":78,"minecraft:raw_gold":23,"minecraft:bamboo":87,"minecraft:oak_planks":592,"minecraft:sand":222,"minecraft:stripped_spruce_log":1,"minecraft:grass_block":19,"minecraft:diamond":14,"minecraft:mangrove_wood":5,"minecraft:emerald":18,"minecraft:bread":101,"minecraft:rooted_dirt":4,"minecraft:oak_sapling":323,"minecraft:netherrack":44,"minecraft:coarse_dirt":5,"minecraft:crafting_table":28,"minecraft:ominous_bottle":4,"minecraft:wooden_pickaxe":2,"minecraft:stone_brick_wall":3,"minecraft:gold_block":1,"minecraft:iron_axe":2,"minecraft:iron_shovel":4,"minecraft:glass_pane":119,"minecraft:beef":50,"minecraft:oak_boat":2,"minecraft:player_head":3,"minecraft:light_gray_wool":4,"minecraft:spruce_slab":51,"minecraft:sugar_cane":825,"minecraft:chest":17,"minecraft:spruce_trapdoor":120,"minecraft:phantom_membrane":5,"minecraft:raw_iron":340,"minecraft:stone":576,"minecraft:oak_door":2,"minecraft:copper_ingot":1,"minecraft:spruce_fence":16,"minecraft:carrot":62,"minecraft:redstone":142,"minecraft:arrow":17,"minecraft:stone_shovel":2,"minecraft:beetroot_seeds":2,"minecraft:deepslate_bricks":68,"minecraft:hay_block":114,"minecraft:gold_ingot":11,"minecraft:mutton":32,"minecraft:white_wool":16,"minecraft:stripped_oak_log":6,"minecraft:salmon":22,"minecraft:leather":67,"minecraft:ochre_froglight":3,"minecraft:birch_planks":102,"minecraft:oak_log":313,"minecraft:yellow_bed":1,"minecraft:golden_boots":1,"minecraft:gunpowder":10,"minecraft:cobblestone_stairs":16,"minecraft:deepslate_tile_slab":40,"minecraft:white_banner":2,"minecraft:apple":20,"minecraft:stone_bricks":993,"minecraft:spruce_wood":37,"minecraft:iron_ingot":78,"minecraft:stone_pickaxe":1,"minecraft:cooked_chicken":4,"minecraft:mangrove_planks":4,"minecraft:iron_sword":8,"minecraft:scaffolding":182,"minecraft:stone_brick_slab":11,"minecraft:dandelion":3,"minecraft:gravel":36,"minecraft:amethyst_shard":144,"minecraft:spruce_sapling":229,"minecraft:white_bed":16,"minecraft:spruce_log":783,"minecraft:spruce_door":6,"minecraft:spider_eye":2,"minecraft:oak_wood":644,"minecraft:stone_axe":6,"minecraft:iron_helmet":1,"minecraft:cherry_sapling":240,"minecraft:gray_wool":1,"minecraft:baked_potato":16,"minecraft:black_wool":2,"minecraft:coal":777,"minecraft:hopper":16,"minecraft:ender_pearl":8},"minecraft:crafted":{"minecraft:oak_planks":1316,"minecraft:oak_sign":18,"minecraft:cooked_chicken":3,"minecraft:stone":1458,"minecraft:cooked_mutton":21,"minecraft:glass":192,"minecraft:hopper":2,"minecraft:stone_brick_slab":36,"minecraft:iron_boots":1,"minecraft:mangrove_stairs":48,"minecraft:chest":10,"minecraft:stone_hoe":1,"minecraft:stone_bricks":1308,"minecraft:oak_fence":48,"minecraft:cooked_porkchop":23,"minecraft:crafting_table":2,"minecraft:spruce_planks":1608,"minecraft:wooden_pickaxe":1,"minecraft:iron_helmet":1,"minecraft:spruce_door":3,"minecraft:birch_planks":256,"minecraft:stone_brick_stairs":169,"minecraft:spruce_trapdoor":254,"minecraft:iron_chestplate":1,"minecraft:charcoal":256,"minecraft:shield":2,"minecraft:stick":400,"minecraft:iron_ingot":230,"minecraft:iron_pickaxe":24,"minecraft:stone_sword":1,"minecraft:gold_ingot":11,"minecraft:spruce_fence_gate":16,"minecraft:cherry_planks":920,"minecraft:stone_shovel":3,"minecraft:stone_brick_wall":111,"minecraft:iron_nugget":171,"minecraft:furnace":14,"minecraft:spruce_fence":84,"minecraft:glass_pane":160,"minecraft:flint_and_steel":1,"minecraft:scaffolding":72,"minecraft:lantern":20,"minecraft:spruce_stairs":88,"minecraft:iron_axe":7,"minecraft:spruce_slab":24,"minecraft:stone_pickaxe":2,"minecraft:wheat":684,"minecraft:cooked_beef":27,"minecraft:deepslate_brick_slab":60,"minecraft:iron_sword":2,"minecraft:mangrove_planks":76,"minecraft:bucket":5,"minecraft:stone_axe":12,"minecraft:bread":217,"minecraft:air":0,"minecraft:oak_boat":3,"minecraft:iron_shovel":18,"minecraft:iron_leggings":1,"minecraft:white_bed":1,"minecraft:torch":436,"minecraft:lapis_block":2},"minecraft:killed_by":{"minecraft:zombie":3,"minecraft:player":1,"minecraft:skeleton":1},"minecraft:dropped":{"minecraft:iron_sword":3,"minecraft:birch_planks":48,"minecraft:lapis_lazuli":30,"minecraft:cooked_beef":9,"minecraft:oak_log":32,"minecraft:baked_potato":6,"minecraft:golden_pickaxe":1,"minecraft:diamond":1,"minecraft:crafting_table":2,"minecraft:lantern":5,"minecraft:flint":3,"minecraft:emerald":4,"minecraft:cobblestone_stairs":5,"minecraft:gold_block":1,"minecraft:dirt":34,"minecraft:mangrove_wood":5,"minecraft:mangrove_stairs":18,"minecraft:gold_nugget":2,"minecraft:sand":156,"minecraft:iron_pickaxe":4,"minecraft:white_wool":9,"minecraft:armor_stand":1,"minecraft:bone":15,"minecraft:oak_door":2,"minecraft:gravel":46,"minecraft:stone_axe":2,"minecraft:mangrove_roots":3,"minecraft:iron_nugget":13,"minecraft:cooked_chicken":2,"minecraft:cobbled_deepslate":13,"minecraft:wheat":1,"minecraft:cherry_sapling":63,"minecraft:deepslate_brick_slab":30,"minecraft:rotten_flesh":30,"minecraft:oak_planks":139,"minecraft:salmon":17,"minecraft:oak_wood":50,"minecraft:ochre_froglight":2,"minecraft:beetroot_seeds":1,"minecraft:hopper":1,"minecraft:azalea":11,"minecraft:chest":3,"minecraft:spruce_wood":31,"minecraft:spruce_slab":28,"minecraft:arrow":6,"minecraft:glass":123,"minecraft:scaffolding":55,"minecraft:netherrack":44,"minecraft:egg":1,"minecraft:bread":42,"minecraft:iron_ingot":11,"minecraft:wheat_seeds":48,"minecraft:cherry_log":71,"minecraft:golden_helmet":1,"minecraft:feather":1,"minecraft:oak_fence":20,"minecraft:golden_axe":2,"minecraft:cobblestone":432,"minecraft:amethyst_block":2,"minecraft:spruce_stairs":162,"minecraft:coal":9,"minecraft:stick":52,"minecraft:spruce_fence_gate":16,"minecraft:lava_bucket":3,"minecraft:gray_wool":1,"minecraft:torch":359,"minecraft:wooden_axe":1,"minecraft:cherry_planks":150,"minecraft:oak_stairs":19,"minecraft:iron_axe":3,"minecraft:iron_shovel":5,"minecraft:string":5,"minecraft:pink_petals":675,"minecraft:spruce_sapling":77,"minecraft:dandelion":2,"minecraft:redstone":10,"minecraft:stone_sword":3,"minecraft:tuff":1,"minecraft:stone_shovel":1,"minecraft:light_gray_wool":4,"minecraft:iron_boots":2,"minecraft:oak_sign":3,"minecraft:spruce_fence":8,"minecraft:glass_pane":145,"minecraft:deepslate_bricks":123,"minecraft:potato":4,"minecraft:hay_block":13,"minecraft:stone":638,"minecraft:spruce_trapdoor":136,"minecraft:spruce_planks":63,"minecraft:andesite":10,"minecraft:oak_boat":2,"minecraft:oak_sapling":124,"minecraft:spider_eye":2,"minecraft:stone_bricks":890,"minecraft:bamboo":15,"minecraft:spruce_log":109,"minecraft:stone_pickaxe":2,"minecraft:wooden_pickaxe":3,"minecraft:calcite":412,"minecraft:black_wool":2},"minecraft:killed":{"minecraft:spider":9,"minecraft:skeleton":12,"minecraft:bee":3,"minecraft:pig":7,"minecraft:zombie_villager":1,"minecraft:salmon":14,"minecraft:creeper":3,"minecraft:sheep":19,"minecraft:trader_llama":1,"minecraft:pillager":1,"minecraft:zombie":34,"minecraft:cow":23,"minecraft:phantom":3,"minecraft:horse":2,"minecraft:drowned":1,"minecraft:player":1,"minecraft:enderman":5},"minecraft:mined":{"minecraft:spruce_planks":59,"minecraft:white_bed":13,"minecraft:cherry_log":595,"minecraft:cobblestone_stairs":6,"minecraft:sculk_vein":3,"minecraft:brewing_stand":1,"minecraft:spruce_trapdoor":60,"minecraft:stone_brick_wall":3,"minecraft:grass_block":414,"minecraft:deepslate_bricks":47,"minecraft:hopper":14,"minecraft:oak_wall_sign":9,"minecraft:smooth_stone":8,"minecraft:iron_ore":205,"minecraft:cobbled_deepslate":3,"minecraft:fire":15,"minecraft:dirt_path":8,"minecraft:oak_stairs":5,"minecraft:spruce_wood":83,"minecraft:azalea_leaves":1,"minecraft:spruce_slab":9,"minecraft:deepslate_redstone_ore":5,"minecraft:smoker":3,"minecraft:amethyst_cluster":12,"minecraft:powder_snow":3,"minecraft:torch":35,"minecraft:calcite":317,"minecraft:chest":17,"minecraft:glass":9,"minecraft:cobblestone":156,"minecraft:oak_planks":295,"minecraft:sugar_cane":386,"minecraft:wall_torch":9,"minecraft:amethyst_block":1,"minecraft:pink_petals":331,"minecraft:stone_brick_stairs":26,"minecraft:oak_log":253,"minecraft:sand":143,"minecraft:dirt":1856,"minecraft:mangrove_log":35,"minecraft:netherrack":45,"minecraft:oak_leaves":31,"minecraft:deepslate":411,"minecraft:tuff":2,"minecraft:deepslate_diamond_ore":5,"minecraft:mangrove_roots":3,"minecraft:spruce_fence":17,"minecraft:spruce_leaves":41,"minecraft:rooted_dirt":5,"minecraft:large_fern":1,"minecraft:hay_block":99,"minecraft:deepslate_brick_slab":3,"minecraft:redstone_ore":5,"minecraft:spruce_sapling":1,"minecraft:furnace":18,"minecraft:carrots":10,"minecraft:andesite":16,"minecraft:stripped_spruce_log":2,"minecraft:gold_block":1,"minecraft:potatoes":2,"minecraft:deepslate_iron_ore":59,"minecraft:lantern":1,"minecraft:stripped_oak_log":6,"minecraft:packed_ice":1,"minecraft:bamboo":7,"minecraft:stone":3019,"minecraft:scaffolding":76,"minecraft:mangrove_stairs":33,"minecraft:glass_pane":14,"minecraft:cherry_planks":78,"minecraft:snow_block":11,"minecraft:stone_brick_slab":8,"minecraft:dandelion":4,"minecraft:spruce_door":6,"minecraft:oak_fence":2,"minecraft:crafting_table":26,"minecraft:mangrove_wood":8,"minecraft:short_grass":119,"minecraft:emerald_ore":5,"minecraft:oak_wood":461,"minecraft:tall_grass":18,"minecraft:deepslate_gold_ore":15,"minecraft:lapis_ore":8,"minecraft:sculk":21,"minecraft:spruce_stairs":29,"minecraft:birch_planks":102,"minecraft:coarse_dirt":5,"minecraft:trapped_chest":2,"minecraft:spruce_log":630,"minecraft:mangrove_planks":4,"minecraft:bee_nest":1,"minecraft:coal_ore":499,"minecraft:ochre_froglight":6,"minecraft:cherry_leaves":3,"minecraft:gravel":5,"minecraft:stone_bricks":433,"minecraft:gold_ore":2}},"DataVersion":3955}