{"stats":{"minecraft:mined":{"minecraft:spruce_planks":12,"minecraft:white_bed":4,"minecraft:cherry_log":85,"minecraft:dandelion":2,"minecraft:oak_fence":1,"minecraft:crafting_table":6,"minecraft:short_grass":19,"minecraft:oak_wood":106,"minecraft:grass_block":1,"minecraft:tall_grass":1,"minecraft:cobblestone":13,"minecraft:spruce_leaves":4,"minecraft:oak_planks":1,"minecraft:pink_petals":2,"minecraft:large_fern":1,"minecraft:hay_block":33,"minecraft:furnace":7,"minecraft:iron_ore":9,"minecraft:spruce_log":7,"minecraft:andesite":1,"minecraft:oak_log":128,"minecraft:coal_ore":84,"minecraft:ochre_froglight":3,"minecraft:stone":164},"minecraft:broken":{"minecraft:stone_axe":2},"minecraft:killed_by":{"minecraft:zombie":1},"minecraft:dropped":{"minecraft:oak_door":2,"minecraft:wheat_seeds":38,"minecraft:cooked_beef":5,"minecraft:stone_sword":1,"minecraft:wheat":1,"minecraft:cherry_sapling":18,"minecraft:oak_fence":1,"minecraft:rotten_flesh":2,"minecraft:light_gray_wool":2,"minecraft:oak_planks":4,"minecraft:iron_boots":1,"minecraft:coal":9,"minecraft:stick":17,"minecraft:gray_wool":1,"minecraft:ochre_froglight":1,"minecraft:oak_boat":1,"minecraft:oak_sapling":18,"minecraft:gold_nugget":2,"minecraft:stone_pickaxe":1,"minecraft:wooden_pickaxe":1,"minecraft:string":2,"minecraft:pink_petals":12,"minecraft:white_wool":4,"minecraft:spruce_sapling":2},"minecraft:used":{"minecraft:cooked_mutton":5,"minecraft:cherry_sapling":53,"minecraft:stone_sword":27,"minecraft:stone_pickaxe":145,"minecraft:oak_planks":27,"minecraft:spruce_planks":14,"minecraft:wooden_pickaxe":41,"minecraft:torch":1,"minecraft:dirt":1,"minecraft:crafting_table":5,"minecraft:white_bed":3,"minecraft:ochre_froglight":1,"minecraft:apple":5,"minecraft:bread":11,"minecraft:iron_pickaxe":96,"minecraft:spruce_sapling":1,"minecraft:stone_axe":384,"minecraft:furnace":5,"minecraft:andesite":1,"minecraft:cooked_beef":2,"minecraft:dandelion":1},"minecraft:custom":{"minecraft:interact_with_furnace":27,"minecraft:mob_kills":39,"minecraft:interact_with_crafting_table":13,"minecraft:interact_with_grindstone":2,"minecraft:time_since_death":51529,"minecraft:leave_game":3,"minecraft:sleep_in_bed":3,"minecraft:time_since_rest":2799,"minecraft:sprint_one_cm":157855,"minecraft:damage_taken":1021,"minecraft:walk_one_cm":205401,"minecraft:drop":39,"minecraft:damage_dealt":4733,"minecraft:swim_one_cm":24006,"minecraft:talked_to_villager":3,"minecraft:fly_one_cm":400143,"minecraft:open_chest":8,"minecraft:crouch_one_cm":2989,"minecraft:play_time":102041,"minecraft:deaths":1,"minecraft:sneak_time":1558,"minecraft:walk_under_water_one_cm":8079,"minecraft:boat_one_cm":6027,"minecraft:jump":2084,"minecraft:walk_on_water_one_cm":15991,"minecraft:total_world_time":102041,"minecraft:fall_one_cm":56539},"minecraft:picked_up":{"minecraft:pink_petals":12,"minecraft:crafting_table":5,"minecraft:wheat":1,"minecraft:andesite":1,"minecraft:leather":15,"minecraft:ochre_froglight":2,"minecraft:oak_log":97,"minecraft:dirt":1,"minecraft:lantern":2,"minecraft:bone":2,"minecraft:apple":5,"minecraft:wheat_seeds":7,"minecraft:spruce_planks":12,"minecraft:oak_boat":1,"minecraft:beef":37,"minecraft:light_gray_wool":2,"minecraft:oak_planks":46,"minecraft:furnace":7,"minecraft:stick":69,"minecraft:raw_iron":9,"minecraft:oak_door":2,"minecraft:oak_fence":1,"minecraft:dandelion":1,"minecraft:porkchop":15,"minecraft:cherry_log":85,"minecraft:spruce_sapling":3,"minecraft:white_bed":4,"minecraft:spruce_log":8,"minecraft:oak_wood":72,"minecraft:rotten_flesh":2,"minecraft:arrow":3,"minecraft:hay_block":31,"minecraft:cherry_sapling":71,"minecraft:gray_wool":1,"minecraft:oak_sapling":18,"minecraft:mutton":19,"minecraft:coal":103,"minecraft:white_wool":7,"minecraft:cobblestone":186},"minecraft:crafted":{"minecraft:cooked_beef":7,"minecraft:oak_planks":292,"minecraft:crafting_table":1,"minecraft:spruce_planks":32,"minecraft:wooden_pickaxe":1,"minecraft:iron_sword":1,"minecraft:furnace":2,"minecraft:stone_axe":4,"minecraft:cooked_mutton":19,"minecraft:air":0,"minecraft:stick":48,"minecraft:iron_ingot":9,"minecraft:iron_pickaxe":2,"minecraft:stone_pickaxe":2,"minecraft:stone_sword":1,"minecraft:white_bed":1,"minecraft:torch":28},"minecraft:killed":{"minecraft:pig":7,"minecraft:spider":1,"minecraft:sheep":10,"minecraft:skeleton":2,"minecraft:zombie":2,"minecraft:cow":17}},"DataVersion":3955}