{"stats":{"minecraft:broken":{"minecraft:iron_shovel":4,"minecraft:stone_axe":10,"minecraft:iron_pickaxe":8,"minecraft:stone_shovel":3},"minecraft:picked_up":{"minecraft:crafting_table":12,"minecraft:wheat":1,"minecraft:ominous_bottle":2,"minecraft:oak_stairs":4,"minecraft:gold_block":1,"minecraft:string":4,"minecraft:armor_stand":1,"minecraft:iron_shovel":1,"minecraft:spruce_planks":12,"minecraft:beef":37,"minecraft:oak_boat":2,"minecraft:player_head":2,"minecraft:calcite":258,"minecraft:azalea":12,"minecraft:iron_pickaxe":2,"minecraft:light_gray_wool":2,"minecraft:chest":3,"minecraft:mangrove_log":18,"minecraft:phantom_membrane":2,"minecraft:furnace":10,"minecraft:stick":256,"minecraft:raw_iron":83,"minecraft:oak_door":2,"minecraft:oak_fence":1,"minecraft:torch":355,"minecraft:porkchop":23,"minecraft:cherry_log":303,"minecraft:arrow":5,"minecraft:mangrove_stairs":2,"minecraft:rotten_flesh":6,"minecraft:beetroot_seeds":1,"minecraft:hay_block":48,"minecraft:mutton":21,"minecraft:snowball":60,"minecraft:white_wool":8,"minecraft:cobblestone":1729,"minecraft:pink_petals":613,"minecraft:andesite":12,"minecraft:leather":15,"minecraft:ochre_froglight":2,"minecraft:oak_log":216,"minecraft:gunpowder":4,"minecraft:cobblestone_stairs":6,"minecraft:dirt":1873,"minecraft:lantern":2,"minecraft:white_banner":2,"minecraft:bone":5,"minecraft:apple":16,"minecraft:wheat_seeds":16,"minecraft:spruce_wood":31,"minecraft:iron_ingot":6,"minecraft:iron_sword":1,"minecraft:oak_planks":96,"minecraft:dandelion":1,"minecraft:gravel":35,"minecraft:sand":156,"minecraft:spruce_sapling":81,"minecraft:grass_block":9,"minecraft:white_bed":11,"minecraft:spruce_log":119,"minecraft:oak_wood":416,"minecraft:mangrove_wood":5,"minecraft:stone_axe":1,"minecraft:cherry_sapling":190,"minecraft:gray_wool":1,"minecraft:emerald":1,"minecraft:oak_sapling":112,"minecraft:netherrack":44,"minecraft:coal":390,"minecraft:hopper":2,"minecraft:ender_pearl":1},"minecraft:crafted":{"minecraft:cherry_planks":80,"minecraft:oak_planks":332,"minecraft:stone_shovel":3,"minecraft:furnace":2,"minecraft:cooked_mutton":21,"minecraft:hopper":1,"minecraft:mangrove_stairs":48,"minecraft:stone_pickaxe":2,"minecraft:chest":6,"minecraft:wheat":207,"minecraft:cooked_beef":7,"minecraft:crafting_table":2,"minecraft:spruce_planks":36,"minecraft:wooden_pickaxe":1,"minecraft:iron_sword":1,"minecraft:mangrove_planks":72,"minecraft:bucket":1,"minecraft:stone_axe":12,"minecraft:bread":69,"minecraft:air":0,"minecraft:oak_boat":1,"minecraft:stick":208,"minecraft:iron_ingot":83,"minecraft:iron_pickaxe":12,"minecraft:stone_sword":1,"minecraft:iron_shovel":12,"minecraft:white_bed":1,"minecraft:torch":268},"minecraft:killed":{"minecraft:spider":2,"minecraft:phantom":1,"minecraft:skeleton":4,"minecraft:pig":7,"minecraft:creeper":1,"minecraft:sheep":11,"minecraft:pillager":1,"minecraft:zombie":12,"minecraft:enderman":1,"minecraft:cow":17},"minecraft:custom":{"minecraft:mob_kills":62,"minecraft:inspect_hopper":4,"minecraft:interact_with_crafting_table":51,"minecraft:leave_game":6,"minecraft:time_since_death":77223,"minecraft:climb_one_cm":980,"minecraft:sprint_one_cm":589552,"minecraft:walk_one_cm":1104409,"minecraft:drop":155,"minecraft:talked_to_villager":3,"minecraft:play_time":430964,"minecraft:sneak_time":20773,"minecraft:deaths":3,"minecraft:walk_under_water_one_cm":21148,"minecraft:boat_one_cm":6027,"minecraft:jump":6498,"minecraft:walk_on_water_one_cm":43883,"minecraft:total_world_time":430964,"minecraft:interact_with_furnace":72,"minecraft:interact_with_grindstone":2,"minecraft:sleep_in_bed":13,"minecraft:time_since_rest":77274,"minecraft:damage_taken":4395,"minecraft:trigger_trapped_chest":1,"minecraft:damage_dealt":9357,"minecraft:swim_one_cm":41231,"minecraft:fly_one_cm":1256763,"minecraft:open_chest":84,"minecraft:crouch_one_cm":100780,"minecraft:interact_with_smoker":3,"minecraft:fall_one_cm":177628},"minecraft:dropped":{"minecraft:iron_ingot":10,"minecraft:wheat_seeds":42,"minecraft:cooked_beef":5,"minecraft:cherry_log":7,"minecraft:oak_log":32,"minecraft:oak_fence":1,"minecraft:cobblestone":415,"minecraft:coal":9,"minecraft:flint":1,"minecraft:stick":21,"minecraft:emerald":1,"minecraft:dirt":7,"minecraft:gray_wool":1,"minecraft:torch":295,"minecraft:mangrove_wood":5,"minecraft:mangrove_stairs":18,"minecraft:oak_stairs":4,"minecraft:gold_nugget":2,"minecraft:sand":156,"minecraft:iron_pickaxe":2,"minecraft:iron_shovel":5,"minecraft:string":2,"minecraft:pink_petals":212,"minecraft:white_wool":5,"minecraft:spruce_sapling":12,"minecraft:armor_stand":1,"minecraft:oak_door":2,"minecraft:gravel":35,"minecraft:iron_nugget":13,"minecraft:stone_sword":1,"minecraft:wheat":1,"minecraft:cherry_sapling":45,"minecraft:rotten_flesh":6,"minecraft:light_gray_wool":2,"minecraft:oak_planks":14,"minecraft:iron_boots":1,"minecraft:hay_block":13,"minecraft:oak_wood":50,"minecraft:ochre_froglight":1,"minecraft:andesite":4,"minecraft:hopper":1,"minecraft:azalea":11,"minecraft:oak_boat":2,"minecraft:oak_sapling":18,"minecraft:spruce_wood":31,"minecraft:spruce_log":37,"minecraft:wooden_pickaxe":1,"minecraft:stone_pickaxe":1,"minecraft:calcite":2,"minecraft:netherrack":44},"minecraft:mined":{"minecraft:spruce_planks":12,"minecraft:white_bed":8,"minecraft:cherry_log":488,"minecraft:cobblestone_stairs":6,"minecraft:grass_block":280,"minecraft:spruce_leaves":28,"minecraft:hopper":2,"minecraft:large_fern":1,"minecraft:hay_block":33,"minecraft:furnace":11,"minecraft:iron_ore":82,"minecraft:andesite":12,"minecraft:stripped_spruce_log":1,"minecraft:gold_block":1,"minecraft:dirt_path":4,"minecraft:deepslate_iron_ore":5,"minecraft:spruce_wood":83,"minecraft:azalea_leaves":1,"minecraft:stone":1591,"minecraft:mangrove_stairs":2,"minecraft:snow_block":11,"minecraft:dandelion":2,"minecraft:oak_fence":1,"minecraft:crafting_table":12,"minecraft:mangrove_wood":8,"minecraft:torch":24,"minecraft:short_grass":60,"minecraft:emerald_ore":1,"minecraft:oak_wood":461,"minecraft:calcite":288,"minecraft:chest":2,"minecraft:tall_grass":13,"minecraft:cobblestone":109,"minecraft:oak_planks":20,"minecraft:wall_torch":2,"minecraft:pink_petals":189,"minecraft:trapped_chest":1,"minecraft:spruce_log":119,"minecraft:oak_log":253,"minecraft:coal_ore":280,"minecraft:ochre_froglight":3,"minecraft:gravel":5,"minecraft:sand":140,"minecraft:dirt":1528,"minecraft:mangrove_log":18,"minecraft:netherrack":45,"minecraft:oak_leaves":4},"minecraft:killed_by":{"minecraft:player":1,"minecraft:skeleton":1,"minecraft:zombie":1},"minecraft:used":{"minecraft:azalea":1,"minecraft:cherry_sapling":53,"minecraft:stone_sword":27,"minecraft:iron_shovel":1518,"minecraft:stone_shovel":396,"minecraft:chest":8,"minecraft:spruce_planks":14,"minecraft:iron_sword":86,"minecraft:player_head":1,"minecraft:torch":269,"minecraft:dirt":1783,"minecraft:hopper":2,"minecraft:snowball":60,"minecraft:mangrove_stairs":32,"minecraft:grass_block":9,"minecraft:furnace":13,"minecraft:cooked_beef":2,"minecraft:golden_axe":8,"minecraft:cooked_mutton":7,"minecraft:water_bucket":20,"minecraft:cobblestone_stairs":6,"minecraft:stone_pickaxe":145,"minecraft:oak_planks":96,"minecraft:wooden_pickaxe":41,"minecraft:crafting_table":13,"minecraft:white_bed":12,"minecraft:ochre_froglight":1,"minecraft:smoker":1,"minecraft:apple":14,"minecraft:bread":84,"minecraft:iron_pickaxe":2253,"minecraft:spruce_sapling":25,"minecraft:stone_axe":1556,"minecraft:pink_petals":45,"minecraft:fire_charge":1,"minecraft:cobblestone":1155,"minecraft:white_banner":2,"minecraft:bucket":20,"minecraft:andesite":6,"minecraft:dandelion":1}},"DataVersion":3955}