{"stats":{"minecraft:killed":{"minecraft:spider":3,"minecraft:phantom":1,"minecraft:skeleton":10,"minecraft:bee":3,"minecraft:pig":7,"minecraft:creeper":3,"minecraft:sheep":11,"minecraft:pillager":1,"minecraft:zombie":26,"minecraft:player":1,"minecraft:enderman":4,"minecraft:cow":17},"minecraft:used":{"minecraft:azalea":1,"minecraft:cherry_sapling":53,"minecraft:stone_sword":27,"minecraft:iron_shovel":1927,"minecraft:stone_shovel":396,"minecraft:oak_sign":22,"minecraft:chest":13,"minecraft:shield":1,"minecraft:spruce_planks":14,"minecraft:iron_sword":198,"minecraft:player_head":2,"minecraft:torch":326,"minecraft:dirt":2184,"minecraft:hopper":14,"minecraft:snowball":65,"minecraft:mangrove_stairs":32,"minecraft:grass_block":19,"minecraft:rooted_dirt":4,"minecraft:furnace":18,"minecraft:cooked_beef":4,"minecraft:cobbled_deepslate":15,"minecraft:golden_axe":18,"minecraft:cooked_mutton":7,"minecraft:water_bucket":93,"minecraft:cobblestone_stairs":6,"minecraft:stone_pickaxe":145,"minecraft:oak_planks":157,"minecraft:wooden_pickaxe":41,"minecraft:sugar_cane":91,"minecraft:sand":7,"minecraft:crafting_table":18,"minecraft:white_bed":12,"minecraft:ochre_froglight":1,"minecraft:smoker":1,"minecraft:apple":25,"minecraft:bread":122,"minecraft:iron_pickaxe":3215,"minecraft:spruce_sapling":25,"minecraft:stone_axe":1590,"minecraft:pink_petals":58,"minecraft:fire_charge":1,"minecraft:cobblestone":1165,"minecraft:white_banner":2,"minecraft:cooked_porkchop":4,"minecraft:bucket":94,"minecraft:andesite":6,"minecraft:coarse_dirt":5,"minecraft:dandelion":1},"minecraft:picked_up":{"minecraft:wooden_axe":1,"minecraft:coarse_dirt":5,"minecraft:crafting_table":20,"minecraft:wheat":1,"minecraft:ominous_bottle":2,"minecraft:wooden_pickaxe":1,"minecraft:oak_stairs":4,"minecraft:gold_block":1,"minecraft:amethyst_block":3,"minecraft:string":8,"minecraft:armor_stand":1,"minecraft:iron_shovel":1,"minecraft:oak_sign":11,"minecraft:cobbled_deepslate":53,"minecraft:smooth_stone":8,"minecraft:spruce_planks":12,"minecraft:beef":37,"minecraft:sugar_cane":79,"minecraft:oak_boat":2,"minecraft:player_head":3,"minecraft:calcite":258,"minecraft:azalea":12,"minecraft:light_gray_wool":4,"minecraft:iron_pickaxe":7,"minecraft:chest":10,"minecraft:phantom_membrane":2,"minecraft:mangrove_log":18,"minecraft:iron_boots":2,"minecraft:furnace":11,"minecraft:raw_iron":249,"minecraft:stick":510,"minecraft:oak_door":2,"minecraft:oak_fence":1,"minecraft:torch":547,"minecraft:porkchop":23,"minecraft:cherry_log":303,"minecraft:carrot":31,"minecraft:redstone":88,"minecraft:arrow":12,"minecraft:mangrove_stairs":2,"minecraft:rotten_flesh":34,"minecraft:beetroot_seeds":2,"minecraft:hay_block":48,"minecraft:mutton":21,"minecraft:snowball":60,"minecraft:white_wool":8,"minecraft:cobblestone":2360,"minecraft:pink_petals":1087,"minecraft:cooked_beef":6,"minecraft:cherry_planks":1,"minecraft:water_bucket":2,"minecraft:andesite":19,"minecraft:leather":15,"minecraft:potato":12,"minecraft:ochre_froglight":2,"minecraft:birch_planks":3,"minecraft:flint":1,"minecraft:oak_log":216,"minecraft:yellow_bed":1,"minecraft:gunpowder":4,"minecraft:cobblestone_stairs":6,"minecraft:lantern":2,"minecraft:lapis_lazuli":108,"minecraft:dirt":2309,"minecraft:white_banner":2,"minecraft:bone":14,"minecraft:apple":16,"minecraft:wheat_seeds":18,"minecraft:raw_gold":17,"minecraft:spruce_wood":31,"minecraft:iron_ingot":6,"minecraft:bamboo":5,"minecraft:oak_planks":243,"minecraft:iron_sword":4,"minecraft:dandelion":1,"minecraft:gravel":36,"minecraft:sand":159,"minecraft:amethyst_shard":96,"minecraft:spruce_sapling":93,"minecraft:grass_block":19,"minecraft:white_bed":11,"minecraft:spruce_log":136,"minecraft:oak_wood":416,"minecraft:diamond":10,"minecraft:mangrove_wood":5,"minecraft:stone_axe":3,"minecraft:cherry_sapling":194,"minecraft:gray_wool":1,"minecraft:bread":45,"minecraft:emerald":7,"minecraft:black_wool":2,"minecraft:rooted_dirt":4,"minecraft:oak_sapling":112,"minecraft:netherrack":44,"minecraft:coal":580,"minecraft:hopper":14,"minecraft:ender_pearl":5},"minecraft:crafted":{"minecraft:cherry_planks":80,"minecraft:oak_planks":520,"minecraft:stone_shovel":3,"minecraft:oak_sign":15,"minecraft:furnace":14,"minecraft:cooked_mutton":21,"minecraft:glass":192,"minecraft:hopper":2,"minecraft:iron_boots":1,"minecraft:mangrove_stairs":48,"minecraft:stone_pickaxe":2,"minecraft:chest":8,"minecraft:wheat":315,"minecraft:cooked_beef":10,"minecraft:cooked_porkchop":16,"minecraft:crafting_table":2,"minecraft:spruce_planks":36,"minecraft:wooden_pickaxe":1,"minecraft:iron_helmet":1,"minecraft:iron_sword":2,"minecraft:mangrove_planks":72,"minecraft:bucket":1,"minecraft:stone_axe":12,"minecraft:bread":105,"minecraft:air":0,"minecraft:oak_boat":3,"minecraft:iron_chestplate":1,"minecraft:shield":2,"minecraft:stick":212,"minecraft:iron_ingot":171,"minecraft:iron_pickaxe":18,"minecraft:stone_sword":1,"minecraft:iron_shovel":18,"minecraft:iron_leggings":1,"minecraft:gold_ingot":11,"minecraft:white_bed":1,"minecraft:torch":268},"minecraft:broken":{"minecraft:golden_helmet":1,"minecraft:iron_shovel":6,"minecraft:stone_axe":10,"minecraft:iron_pickaxe":11,"minecraft:stone_shovel":3},"minecraft:killed_by":{"minecraft:player":1,"minecraft:skeleton":1,"minecraft:zombie":3},"minecraft:mined":{"minecraft:spruce_planks":12,"minecraft:white_bed":8,"minecraft:deepslate_diamond_ore":5,"minecraft:sculk_vein":3,"minecraft:cobblestone_stairs":6,"minecraft:cherry_log":488,"minecraft:grass_block":406,"minecraft:spruce_leaves":28,"minecraft:hopper":14,"minecraft:oak_wall_sign":8,"minecraft:rooted_dirt":5,"minecraft:large_fern":1,"minecraft:hay_block":33,"minecraft:smooth_stone":8,"minecraft:redstone_ore":5,"minecraft:furnace":12,"minecraft:carrots":10,"minecraft:iron_ore":151,"minecraft:andesite":14,"minecraft:stripped_spruce_log":1,"minecraft:gold_block":1,"minecraft:potatoes":2,"minecraft:deepslate_iron_ore":22,"minecraft:dirt_path":8,"minecraft:packed_ice":1,"minecraft:spruce_wood":83,"minecraft:azalea_leaves":1,"minecraft:stone":2206,"minecraft:deepslate_redstone_ore":5,"minecraft:mangrove_stairs":2,"minecraft:cherry_planks":1,"minecraft:snow_block":11,"minecraft:amethyst_cluster":12,"minecraft:dandelion":2,"minecraft:oak_fence":1,"minecraft:crafting_table":18,"minecraft:torch":28,"minecraft:mangrove_wood":8,"minecraft:short_grass":100,"minecraft:emerald_ore":4,"minecraft:oak_wood":461,"minecraft:calcite":288,"minecraft:chest":10,"minecraft:tall_grass":17,"minecraft:cobblestone":113,"minecraft:sugar_cane":30,"minecraft:deepslate_gold_ore":9,"minecraft:lapis_ore":8,"minecraft:oak_planks":23,"minecraft:sculk":21,"minecraft:wall_torch":3,"minecraft:amethyst_block":1,"minecraft:pink_petals":330,"minecraft:birch_planks":3,"minecraft:coarse_dirt":5,"minecraft:trapped_chest":2,"minecraft:bee_nest":1,"minecraft:spruce_log":119,"minecraft:oak_log":253,"minecraft:coal_ore":402,"minecraft:ochre_froglight":3,"minecraft:gravel":5,"minecraft:sand":143,"minecraft:dirt":1845,"minecraft:mangrove_log":18,"minecraft:netherrack":45,"minecraft:gold_ore":2,"minecraft:oak_leaves":4,"minecraft:deepslate":35},"minecraft:custom":{"minecraft:mob_kills":91,"minecraft:inspect_hopper":27,"minecraft:interact_with_crafting_table":77,"minecraft:bell_ring":1,"minecraft:leave_game":16,"minecraft:time_since_death":145532,"minecraft:climb_one_cm":980,"minecraft:sprint_one_cm":828234,"minecraft:walk_one_cm":1560975,"minecraft:drop":227,"minecraft:talked_to_villager":6,"minecraft:play_time":655662,"minecraft:deaths":5,"minecraft:sneak_time":26483,"minecraft:walk_under_water_one_cm":34662,"minecraft:boat_one_cm":6027,"minecraft:jump":9100,"minecraft:walk_on_water_one_cm":73050,"minecraft:total_world_time":655662,"minecraft:interact_with_furnace":125,"minecraft:interact_with_grindstone":2,"minecraft:sleep_in_bed":19,"minecraft:time_since_rest":13973,"minecraft:damage_taken":7213,"minecraft:trigger_trapped_chest":4,"minecraft:damage_dealt":15736,"minecraft:swim_one_cm":54692,"minecraft:player_kills":1,"minecraft:fly_one_cm":1721135,"minecraft:open_chest":174,"minecraft:crouch_one_cm":116079,"minecraft:interact_with_smoker":7,"minecraft:fall_one_cm":248608},"minecraft:dropped":{"minecraft:iron_ingot":10,"minecraft:lapis_lazuli":30,"minecraft:birch_planks":1,"minecraft:wheat_seeds":44,"minecraft:cherry_log":7,"minecraft:cooked_beef":8,"minecraft:oak_log":32,"minecraft:diamond":1,"minecraft:crafting_table":1,"minecraft:oak_fence":1,"minecraft:feather":1,"minecraft:cobblestone":415,"minecraft:amethyst_block":2,"minecraft:emerald":4,"minecraft:coal":9,"minecraft:flint":1,"minecraft:stick":21,"minecraft:gold_block":1,"minecraft:dirt":28,"minecraft:gray_wool":1,"minecraft:torch":295,"minecraft:mangrove_wood":5,"minecraft:wooden_axe":1,"minecraft:mangrove_stairs":18,"minecraft:cherry_planks":1,"minecraft:oak_stairs":4,"minecraft:gold_nugget":2,"minecraft:sand":156,"minecraft:iron_pickaxe":2,"minecraft:iron_shovel":5,"minecraft:string":4,"minecraft:pink_petals":669,"minecraft:white_wool":5,"minecraft:redstone":10,"minecraft:spruce_sapling":27,"minecraft:bone":4,"minecraft:armor_stand":1,"minecraft:oak_door":2,"minecraft:gravel":46,"minecraft:cobbled_deepslate":13,"minecraft:iron_nugget":13,"minecraft:stone_sword":1,"minecraft:wheat":1,"minecraft:cherry_sapling":53,"minecraft:rotten_flesh":28,"minecraft:light_gray_wool":4,"minecraft:oak_planks":14,"minecraft:iron_boots":2,"minecraft:oak_sign":3,"minecraft:salmon":1,"minecraft:hay_block":13,"minecraft:oak_wood":50,"minecraft:beetroot_seeds":1,"minecraft:ochre_froglight":1,"minecraft:andesite":10,"minecraft:hopper":1,"minecraft:chest":3,"minecraft:azalea":11,"minecraft:oak_boat":2,"minecraft:oak_sapling":34,"minecraft:spruce_wood":31,"minecraft:bamboo":5,"minecraft:wooden_pickaxe":2,"minecraft:spruce_log":54,"minecraft:arrow":2,"minecraft:stone_pickaxe":1,"minecraft:black_wool":2,"minecraft:calcite":219,"minecraft:netherrack":44,"minecraft:egg":1}},"DataVersion":3955}