{"stats":{"minecraft:mined":{"minecraft:spruce_planks":12,"minecraft:white_bed":1,"minecraft:dandelion":2,"minecraft:oak_fence":1,"minecraft:crafting_table":3,"minecraft:short_grass":15,"minecraft:oak_wood":77,"minecraft:grass_block":1,"minecraft:tall_grass":1,"minecraft:cobblestone":13,"minecraft:spruce_leaves":4,"minecraft:large_fern":1,"minecraft:hay_block":31,"minecraft:furnace":4,"minecraft:iron_ore":9,"minecraft:spruce_log":7,"minecraft:andesite":1,"minecraft:oak_log":21,"minecraft:coal_ore":75,"minecraft:ochre_froglight":3,"minecraft:stone":58},"minecraft:broken":{"minecraft:stone_axe":1},"minecraft:killed_by":{"minecraft:zombie":1},"minecraft:dropped":{"minecraft:oak_door":2,"minecraft:wheat_seeds":1,"minecraft:cooked_beef":5,"minecraft:oak_fence":1,"minecraft:rotten_flesh":2,"minecraft:light_gray_wool":2,"minecraft:iron_boots":1,"minecraft:gray_wool":1,"minecraft:ochre_froglight":1,"minecraft:oak_sapling":4,"minecraft:white_wool":4,"minecraft:spruce_sapling":2},"minecraft:used":{"minecraft:cooked_mutton":5,"minecraft:stone_sword":19,"minecraft:stone_pickaxe":123,"minecraft:oak_planks":6,"minecraft:spruce_planks":14,"minecraft:wooden_pickaxe":41,"minecraft:dirt":1,"minecraft:crafting_table":3,"minecraft:ochre_froglight":1,"minecraft:bread":4,"minecraft:spruce_sapling":1,"minecraft:stone_axe":156,"minecraft:furnace":2,"minecraft:andesite":1,"minecraft:cooked_beef":2,"minecraft:dandelion":1},"minecraft:custom":{"minecraft:interact_with_furnace":17,"minecraft:mob_kills":39,"minecraft:interact_with_crafting_table":9,"minecraft:interact_with_grindstone":2,"minecraft:time_since_death":12205,"minecraft:leave_game":2,"minecraft:time_since_rest":12252,"minecraft:sprint_one_cm":83534,"minecraft:damage_taken":759,"minecraft:walk_one_cm":143703,"minecraft:drop":18,"minecraft:damage_dealt":4355,"minecraft:swim_one_cm":11202,"minecraft:talked_to_villager":3,"minecraft:fly_one_cm":205945,"minecraft:open_chest":8,"minecraft:crouch_one_cm":2515,"minecraft:play_time":62717,"minecraft:deaths":1,"minecraft:sneak_time":1326,"minecraft:walk_under_water_one_cm":1775,"minecraft:jump":1185,"minecraft:walk_on_water_one_cm":5907,"minecraft:total_world_time":62717,"minecraft:fall_one_cm":33013},"minecraft:picked_up":{"minecraft:crafting_table":3,"minecraft:andesite":1,"minecraft:leather":15,"minecraft:ochre_froglight":2,"minecraft:oak_log":21,"minecraft:dirt":1,"minecraft:lantern":2,"minecraft:bone":2,"minecraft:wheat_seeds":3,"minecraft:spruce_planks":12,"minecraft:beef":37,"minecraft:light_gray_wool":2,"minecraft:furnace":4,"minecraft:stick":7,"minecraft:raw_iron":9,"minecraft:oak_door":2,"minecraft:oak_fence":1,"minecraft:dandelion":1,"minecraft:porkchop":15,"minecraft:spruce_sapling":3,"minecraft:white_bed":1,"minecraft:spruce_log":8,"minecraft:oak_wood":52,"minecraft:rotten_flesh":2,"minecraft:arrow":3,"minecraft:hay_block":30,"minecraft:gray_wool":1,"minecraft:oak_sapling":4,"minecraft:mutton":19,"minecraft:coal":94,"minecraft:white_wool":7,"minecraft:cobblestone":74},"minecraft:crafted":{"minecraft:cooked_beef":7,"minecraft:oak_planks":212,"minecraft:crafting_table":1,"minecraft:spruce_planks":32,"minecraft:wooden_pickaxe":1,"minecraft:furnace":2,"minecraft:stone_axe":3,"minecraft:cooked_mutton":19,"minecraft:air":0,"minecraft:stick":40,"minecraft:stone_pickaxe":2,"minecraft:stone_sword":1,"minecraft:white_bed":1},"minecraft:killed":{"minecraft:pig":7,"minecraft:spider":1,"minecraft:sheep":10,"minecraft:skeleton":2,"minecraft:zombie":2,"minecraft:cow":17}},"DataVersion":3955}