{"stats":{"minecraft:killed":{"minecraft:spider":5,"minecraft:skeleton":10,"minecraft:bee":3,"minecraft:pig":7,"minecraft:creeper":3,"minecraft:sheep":11,"minecraft:pillager":1,"minecraft:zombie":27,"minecraft:cow":17,"minecraft:phantom":1,"minecraft:player":1,"minecraft:enderman":4},"minecraft:crafted":{"minecraft:oak_planks":608,"minecraft:oak_sign":18,"minecraft:stone":1059,"minecraft:cooked_mutton":21,"minecraft:glass":192,"minecraft:hopper":2,"minecraft:stone_brick_slab":18,"minecraft:iron_boots":1,"minecraft:mangrove_stairs":48,"minecraft:chest":10,"minecraft:stone_bricks":1000,"minecraft:cooked_porkchop":16,"minecraft:crafting_table":2,"minecraft:spruce_planks":556,"minecraft:wooden_pickaxe":1,"minecraft:iron_helmet":1,"minecraft:spruce_door":3,"minecraft:stone_brick_stairs":88,"minecraft:spruce_trapdoor":30,"minecraft:iron_chestplate":1,"minecraft:shield":2,"minecraft:stick":212,"minecraft:iron_ingot":171,"minecraft:iron_pickaxe":22,"minecraft:stone_sword":1,"minecraft:gold_ingot":11,"minecraft:cherry_planks":80,"minecraft:stone_shovel":3,"minecraft:stone_brick_wall":30,"minecraft:furnace":14,"minecraft:spruce_fence":15,"minecraft:iron_axe":2,"minecraft:stone_pickaxe":2,"minecraft:wheat":315,"minecraft:cooked_beef":10,"minecraft:iron_sword":2,"minecraft:mangrove_planks":72,"minecraft:bucket":1,"minecraft:stone_axe":12,"minecraft:bread":105,"minecraft:air":0,"minecraft:oak_boat":3,"minecraft:iron_shovel":18,"minecraft:iron_leggings":1,"minecraft:white_bed":1,"minecraft:torch":268},"minecraft:broken":{"minecraft:golden_helmet":1,"minecraft:iron_shovel":6,"minecraft:stone_axe":10,"minecraft:stone_shovel":3,"minecraft:iron_axe":1,"minecraft:iron_pickaxe":15},"minecraft:dropped":{"minecraft:birch_planks":1,"minecraft:lapis_lazuli":30,"minecraft:cooked_beef":8,"minecraft:oak_log":32,"minecraft:baked_potato":6,"minecraft:golden_pickaxe":1,"minecraft:diamond":1,"minecraft:crafting_table":1,"minecraft:emerald":4,"minecraft:flint":1,"minecraft:gold_block":1,"minecraft:dirt":28,"minecraft:mangrove_wood":5,"minecraft:mangrove_stairs":18,"minecraft:gold_nugget":2,"minecraft:sand":156,"minecraft:iron_pickaxe":3,"minecraft:white_wool":5,"minecraft:bone":11,"minecraft:armor_stand":1,"minecraft:oak_door":2,"minecraft:gravel":46,"minecraft:stone_axe":1,"minecraft:mangrove_roots":3,"minecraft:iron_nugget":13,"minecraft:cobbled_deepslate":13,"minecraft:wheat":1,"minecraft:cherry_sapling":53,"minecraft:rotten_flesh":28,"minecraft:oak_planks":14,"minecraft:salmon":1,"minecraft:oak_wood":50,"minecraft:ochre_froglight":1,"minecraft:beetroot_seeds":1,"minecraft:hopper":1,"minecraft:azalea":11,"minecraft:chest":3,"minecraft:spruce_wood":31,"minecraft:arrow":2,"minecraft:netherrack":44,"minecraft:egg":1,"minecraft:iron_ingot":10,"minecraft:wheat_seeds":44,"minecraft:golden_helmet":1,"minecraft:cherry_log":7,"minecraft:oak_fence":1,"minecraft:golden_axe":2,"minecraft:feather":1,"minecraft:cobblestone":415,"minecraft:amethyst_block":2,"minecraft:coal":9,"minecraft:stick":21,"minecraft:gray_wool":1,"minecraft:torch":295,"minecraft:wooden_axe":1,"minecraft:cherry_planks":1,"minecraft:oak_stairs":4,"minecraft:iron_shovel":5,"minecraft:string":5,"minecraft:pink_petals":672,"minecraft:spruce_sapling":27,"minecraft:redstone":10,"minecraft:stone_sword":1,"minecraft:light_gray_wool":4,"minecraft:iron_boots":2,"minecraft:oak_sign":3,"minecraft:hay_block":13,"minecraft:stone":638,"minecraft:andesite":10,"minecraft:oak_boat":2,"minecraft:oak_sapling":34,"minecraft:stone_bricks":842,"minecraft:spider_eye":1,"minecraft:bamboo":5,"minecraft:spruce_log":54,"minecraft:stone_pickaxe":1,"minecraft:wooden_pickaxe":2,"minecraft:calcite":219,"minecraft:black_wool":2},"minecraft:killed_by":{"minecraft:zombie":3,"minecraft:player":1,"minecraft:skeleton":1},"minecraft:custom":{"minecraft:interact_with_crafting_table":96,"minecraft:bell_ring":1,"minecraft:leave_game":17,"minecraft:time_since_death":289086,"minecraft:sprint_one_cm":964554,"minecraft:drop":269,"minecraft:talked_to_villager":6,"minecraft:play_time":799216,"minecraft:deaths":5,"minecraft:jump":10680,"minecraft:walk_on_water_one_cm":75150,"minecraft:interact_with_furnace":229,"minecraft:sleep_in_bed":22,"minecraft:damage_dealt":16426,"minecraft:player_kills":1,"minecraft:crouch_one_cm":142777,"minecraft:interact_with_smoker":7,"minecraft:mob_kills":94,"minecraft:inspect_hopper":27,"minecraft:climb_one_cm":980,"minecraft:walk_one_cm":1875319,"minecraft:sneak_time":32946,"minecraft:walk_under_water_one_cm":34946,"minecraft:boat_one_cm":6027,"minecraft:total_world_time":799216,"minecraft:interact_with_grindstone":2,"minecraft:time_since_rest":13245,"minecraft:damage_taken":8126,"minecraft:trigger_trapped_chest":4,"minecraft:swim_one_cm":57589,"minecraft:fly_one_cm":2098508,"minecraft:open_chest":242,"minecraft:fall_one_cm":285922},"minecraft:picked_up":{"minecraft:wooden_axe":1,"minecraft:wheat":1,"minecraft:oak_stairs":4,"minecraft:stone_brick_stairs":5,"minecraft:amethyst_block":3,"minecraft:string":18,"minecraft:armor_stand":1,"minecraft:oak_sign":13,"minecraft:smooth_stone":16,"minecraft:cobbled_deepslate":58,"minecraft:spruce_planks":17,"minecraft:calcite":671,"minecraft:azalea":12,"minecraft:iron_pickaxe":7,"minecraft:mangrove_log":35,"minecraft:iron_boots":2,"minecraft:furnace":19,"minecraft:golden_helmet":1,"minecraft:stick":671,"minecraft:oak_fence":1,"minecraft:torch":550,"minecraft:porkchop":23,"minecraft:golden_axe":2,"minecraft:cherry_log":676,"minecraft:mangrove_stairs":2,"minecraft:rotten_flesh":34,"minecraft:mangrove_roots":3,"minecraft:obsidian":4,"minecraft:snowball":68,"minecraft:cobblestone":3310,"minecraft:pink_petals":1094,"minecraft:cooked_beef":8,"minecraft:cherry_planks":1,"minecraft:water_bucket":2,"minecraft:andesite":23,"minecraft:smoker":2,"minecraft:potato":40,"minecraft:flint":1,"minecraft:dirt":2409,"minecraft:lapis_lazuli":192,"minecraft:lantern":3,"minecraft:bone":18,"minecraft:wheat_seeds":68,"minecraft:raw_gold":17,"minecraft:bamboo":5,"minecraft:oak_planks":310,"minecraft:sand":222,"minecraft:grass_block":19,"minecraft:diamond":14,"minecraft:mangrove_wood":5,"minecraft:bread":45,"minecraft:emerald":18,"minecraft:rooted_dirt":4,"minecraft:oak_sapling":216,"minecraft:netherrack":44,"minecraft:coarse_dirt":5,"minecraft:crafting_table":25,"minecraft:ominous_bottle":4,"minecraft:wooden_pickaxe":1,"minecraft:stone_brick_wall":1,"minecraft:gold_block":1,"minecraft:iron_shovel":2,"minecraft:beef":37,"minecraft:oak_boat":2,"minecraft:player_head":3,"minecraft:light_gray_wool":4,"minecraft:sugar_cane":392,"minecraft:chest":17,"minecraft:spruce_trapdoor":10,"minecraft:phantom_membrane":4,"minecraft:raw_iron":260,"minecraft:stone":576,"minecraft:oak_door":2,"minecraft:carrot":62,"minecraft:redstone":142,"minecraft:arrow":13,"minecraft:beetroot_seeds":2,"minecraft:hay_block":48,"minecraft:gold_ingot":11,"minecraft:mutton":21,"minecraft:white_wool":8,"minecraft:leather":15,"minecraft:ochre_froglight":2,"minecraft:birch_planks":3,"minecraft:oak_log":313,"minecraft:golden_boots":1,"minecraft:yellow_bed":1,"minecraft:gunpowder":10,"minecraft:cobblestone_stairs":6,"minecraft:white_banner":2,"minecraft:apple":20,"minecraft:stone_bricks":611,"minecraft:spruce_wood":37,"minecraft:iron_ingot":61,"minecraft:iron_sword":4,"minecraft:dandelion":1,"minecraft:gravel":36,"minecraft:amethyst_shard":144,"minecraft:spruce_sapling":179,"minecraft:white_bed":16,"minecraft:spruce_log":508,"minecraft:spider_eye":1,"minecraft:oak_wood":644,"minecraft:stone_axe":4,"minecraft:cherry_sapling":194,"minecraft:gray_wool":1,"minecraft:baked_potato":16,"minecraft:black_wool":2,"minecraft:coal":735,"minecraft:hopper":16,"minecraft:ender_pearl":8},"minecraft:used":{"minecraft:cherry_sapling":53,"minecraft:iron_shovel":1927,"minecraft:oak_sign":27,"minecraft:chest":22,"minecraft:shield":1,"minecraft:iron_sword":212,"minecraft:player_head":2,"minecraft:snowball":65,"minecraft:mangrove_stairs":32,"minecraft:lantern":1,"minecraft:grass_block":19,"minecraft:stone_brick_stairs":92,"minecraft:stone_bricks":663,"minecraft:oak_sapling":3,"minecraft:furnace":26,"minecraft:spruce_door":1,"minecraft:stone_pickaxe":145,"minecraft:oak_planks":161,"minecraft:wooden_pickaxe":41,"minecraft:sugar_cane":91,"minecraft:sand":7,"minecraft:ochre_froglight":1,"minecraft:stone_brick_wall":31,"minecraft:bread":122,"minecraft:fire_charge":1,"minecraft:andesite":6,"minecraft:coarse_dirt":5,"minecraft:azalea":1,"minecraft:stone_sword":27,"minecraft:stone_shovel":396,"minecraft:spruce_planks":235,"minecraft:torch":341,"minecraft:dirt":2186,"minecraft:hopper":14,"minecraft:spruce_fence":9,"minecraft:stone_brick_slab":15,"minecraft:iron_axe":358,"minecraft:rooted_dirt":4,"minecraft:cooked_beef":4,"minecraft:cobbled_deepslate":15,"minecraft:golden_axe":18,"minecraft:calcite":37,"minecraft:cooked_mutton":7,"minecraft:water_bucket":97,"minecraft:cobblestone_stairs":6,"minecraft:baked_potato":9,"minecraft:crafting_table":24,"minecraft:white_bed":17,"minecraft:spruce_log":1,"minecraft:smoker":3,"minecraft:apple":25,"minecraft:iron_pickaxe":4204,"minecraft:spruce_trapdoor":39,"minecraft:spruce_sapling":60,"minecraft:stone_axe":1624,"minecraft:pink_petals":58,"minecraft:cobblestone":1166,"minecraft:white_banner":2,"minecraft:cooked_porkchop":14,"minecraft:bucket":98,"minecraft:dandelion":1},"minecraft:mined":{"minecraft:spruce_planks":18,"minecraft:white_bed":13,"minecraft:cherry_log":498,"minecraft:cobblestone_stairs":6,"minecraft:sculk_vein":3,"minecraft:spruce_trapdoor":10,"minecraft:grass_block":408,"minecraft:stone_brick_wall":1,"minecraft:hopper":14,"minecraft:oak_wall_sign":9,"minecraft:smooth_stone":8,"minecraft:iron_ore":162,"minecraft:dirt_path":8,"minecraft:spruce_wood":83,"minecraft:azalea_leaves":1,"minecraft:deepslate_redstone_ore":5,"minecraft:smoker":2,"minecraft:amethyst_cluster":12,"minecraft:powder_snow":3,"minecraft:torch":28,"minecraft:calcite":292,"minecraft:chest":17,"minecraft:cobblestone":114,"minecraft:sugar_cane":206,"minecraft:oak_planks":27,"minecraft:wall_torch":3,"minecraft:amethyst_block":1,"minecraft:pink_petals":330,"minecraft:stone_brick_stairs":5,"minecraft:oak_log":253,"minecraft:sand":143,"minecraft:dirt":1845,"minecraft:mangrove_log":35,"minecraft:netherrack":45,"minecraft:oak_leaves":31,"minecraft:deepslate":35,"minecraft:deepslate_diamond_ore":5,"minecraft:mangrove_roots":3,"minecraft:spruce_leaves":29,"minecraft:rooted_dirt":5,"minecraft:large_fern":1,"minecraft:hay_block":33,"minecraft:redstone_ore":5,"minecraft:spruce_sapling":1,"minecraft:furnace":18,"minecraft:carrots":10,"minecraft:andesite":15,"minecraft:stripped_spruce_log":1,"minecraft:gold_block":1,"minecraft:potatoes":2,"minecraft:deepslate_iron_ore":22,"minecraft:packed_ice":1,"minecraft:stone":3000,"minecraft:mangrove_stairs":2,"minecraft:cherry_planks":1,"minecraft:snow_block":11,"minecraft:dandelion":2,"minecraft:oak_fence":1,"minecraft:crafting_table":23,"minecraft:mangrove_wood":8,"minecraft:short_grass":100,"minecraft:emerald_ore":5,"minecraft:oak_wood":461,"minecraft:tall_grass":17,"minecraft:lapis_ore":8,"minecraft:deepslate_gold_ore":9,"minecraft:sculk":21,"minecraft:birch_planks":3,"minecraft:trapped_chest":2,"minecraft:coarse_dirt":5,"minecraft:spruce_log":416,"minecraft:bee_nest":1,"minecraft:coal_ore":456,"minecraft:ochre_froglight":4,"minecraft:gravel":5,"minecraft:stone_bricks":107,"minecraft:gold_ore":2}},"DataVersion":3955}