{"stats":{"minecraft:custom":{"minecraft:mob_kills":46,"minecraft:interact_with_crafting_table":28,"minecraft:leave_game":4,"minecraft:time_since_death":167466,"minecraft:climb_one_cm":650,"minecraft:sprint_one_cm":243769,"minecraft:walk_one_cm":497762,"minecraft:drop":60,"minecraft:talked_to_villager":3,"minecraft:play_time":217978,"minecraft:sneak_time":10488,"minecraft:deaths":1,"minecraft:walk_under_water_one_cm":11026,"minecraft:boat_one_cm":6027,"minecraft:jump":3354,"minecraft:walk_on_water_one_cm":23727,"minecraft:total_world_time":217978,"minecraft:interact_with_furnace":43,"minecraft:interact_with_grindstone":2,"minecraft:sleep_in_bed":9,"minecraft:time_since_rest":429,"minecraft:damage_taken":2062,"minecraft:damage_dealt":5954,"minecraft:swim_one_cm":27868,"minecraft:fly_one_cm":604454,"minecraft:open_chest":31,"minecraft:crouch_one_cm":55462,"minecraft:fall_one_cm":98072},"minecraft:killed_by":{"minecraft:zombie":1},"minecraft:picked_up":{"minecraft:crafting_table":7,"minecraft:wheat":1,"minecraft:spruce_planks":12,"minecraft:beef":37,"minecraft:oak_boat":1,"minecraft:calcite":258,"minecraft:light_gray_wool":2,"minecraft:chest":1,"minecraft:mangrove_log":18,"minecraft:furnace":9,"minecraft:raw_iron":39,"minecraft:stick":112,"minecraft:oak_door":2,"minecraft:oak_fence":1,"minecraft:torch":1,"minecraft:porkchop":15,"minecraft:cherry_log":267,"minecraft:arrow":3,"minecraft:mangrove_stairs":2,"minecraft:rotten_flesh":5,"minecraft:hay_block":31,"minecraft:mutton":21,"minecraft:cobblestone":1129,"minecraft:white_wool":8,"minecraft:pink_petals":376,"minecraft:andesite":3,"minecraft:leather":15,"minecraft:ochre_froglight":2,"minecraft:oak_log":97,"minecraft:dirt":100,"minecraft:lantern":2,"minecraft:bone":2,"minecraft:apple":5,"minecraft:wheat_seeds":11,"minecraft:iron_ingot":1,"minecraft:oak_planks":51,"minecraft:dandelion":1,"minecraft:spruce_sapling":11,"minecraft:white_bed":7,"minecraft:spruce_log":27,"minecraft:oak_wood":72,"minecraft:cherry_sapling":163,"minecraft:gray_wool":1,"minecraft:oak_sapling":18,"minecraft:coal":299},"minecraft:crafted":{"minecraft:oak_planks":292,"minecraft:stone_shovel":3,"minecraft:furnace":2,"minecraft:cooked_mutton":21,"minecraft:mangrove_stairs":48,"minecraft:stone_pickaxe":2,"minecraft:chest":2,"minecraft:wheat":90,"minecraft:cooked_beef":7,"minecraft:crafting_table":1,"minecraft:spruce_planks":32,"minecraft:wooden_pickaxe":1,"minecraft:iron_sword":1,"minecraft:mangrove_planks":72,"minecraft:stone_axe":7,"minecraft:bread":30,"minecraft:air":0,"minecraft:stick":48,"minecraft:iron_ingot":26,"minecraft:iron_pickaxe":7,"minecraft:stone_sword":1,"minecraft:iron_shovel":1,"minecraft:white_bed":1,"minecraft:torch":28},"minecraft:killed":{"minecraft:spider":1,"minecraft:skeleton":2,"minecraft:pig":7,"minecraft:sheep":11,"minecraft:zombie":7,"minecraft:cow":17},"minecraft:dropped":{"minecraft:wheat_seeds":39,"minecraft:cooked_beef":5,"minecraft:oak_fence":1,"minecraft:cobblestone":3,"minecraft:coal":9,"minecraft:stick":17,"minecraft:gray_wool":1,"minecraft:mangrove_stairs":18,"minecraft:gold_nugget":2,"minecraft:iron_pickaxe":1,"minecraft:string":2,"minecraft:pink_petals":20,"minecraft:white_wool":5,"minecraft:spruce_sapling":2,"minecraft:oak_door":2,"minecraft:stone_sword":1,"minecraft:wheat":1,"minecraft:cherry_sapling":18,"minecraft:rotten_flesh":5,"minecraft:light_gray_wool":2,"minecraft:oak_planks":4,"minecraft:iron_boots":1,"minecraft:hay_block":4,"minecraft:ochre_froglight":1,"minecraft:andesite":2,"minecraft:oak_boat":1,"minecraft:oak_sapling":18,"minecraft:wooden_pickaxe":1,"minecraft:stone_pickaxe":1,"minecraft:calcite":2},"minecraft:broken":{"minecraft:stone_axe":4,"minecraft:iron_pickaxe":5},"minecraft:mined":{"minecraft:spruce_planks":12,"minecraft:white_bed":7,"minecraft:cherry_log":320,"minecraft:grass_block":57,"minecraft:spruce_leaves":4,"minecraft:large_fern":1,"minecraft:hay_block":33,"minecraft:furnace":10,"minecraft:iron_ore":36,"minecraft:andesite":3,"minecraft:deepslate_iron_ore":5,"minecraft:stone":1027,"minecraft:mangrove_stairs":2,"minecraft:dandelion":2,"minecraft:oak_fence":1,"minecraft:crafting_table":8,"minecraft:torch":1,"minecraft:short_grass":56,"minecraft:oak_wood":106,"minecraft:calcite":288,"minecraft:chest":1,"minecraft:tall_grass":12,"minecraft:cobblestone":88,"minecraft:oak_planks":6,"minecraft:pink_petals":165,"minecraft:spruce_log":33,"minecraft:oak_log":128,"minecraft:coal_ore":194,"minecraft:ochre_froglight":3,"minecraft:dirt":50,"minecraft:mangrove_log":18,"minecraft:oak_leaves":3},"minecraft:used":{"minecraft:cherry_sapling":53,"minecraft:stone_sword":27,"minecraft:iron_shovel":73,"minecraft:stone_shovel":27,"minecraft:spruce_planks":14,"minecraft:chest":3,"minecraft:iron_sword":17,"minecraft:torch":27,"minecraft:dirt":100,"minecraft:mangrove_stairs":32,"minecraft:furnace":10,"minecraft:cooked_beef":2,"minecraft:cooked_mutton":7,"minecraft:stone_pickaxe":145,"minecraft:oak_planks":27,"minecraft:wooden_pickaxe":41,"minecraft:crafting_table":8,"minecraft:white_bed":7,"minecraft:ochre_froglight":1,"minecraft:apple":14,"minecraft:bread":27,"minecraft:iron_pickaxe":1471,"minecraft:spruce_sapling":1,"minecraft:stone_axe":676,"minecraft:cobblestone":523,"minecraft:andesite":1,"minecraft:dandelion":1}},"DataVersion":3955}