{"stats":{"minecraft:mined":{"minecraft:spruce_planks":53,"minecraft:white_bed":13,"minecraft:cherry_log":498,"minecraft:cobblestone_stairs":6,"minecraft:sculk_vein":3,"minecraft:spruce_trapdoor":56,"minecraft:grass_block":411,"minecraft:stone_brick_wall":3,"minecraft:hopper":14,"minecraft:oak_wall_sign":9,"minecraft:smooth_stone":8,"minecraft:iron_ore":205,"minecraft:fire":15,"minecraft:dirt_path":8,"minecraft:spruce_wood":83,"minecraft:azalea_leaves":1,"minecraft:spruce_slab":9,"minecraft:deepslate_redstone_ore":5,"minecraft:smoker":2,"minecraft:amethyst_cluster":12,"minecraft:powder_snow":3,"minecraft:torch":28,"minecraft:calcite":317,"minecraft:chest":17,"minecraft:glass":9,"minecraft:cobblestone":114,"minecraft:sugar_cane":206,"minecraft:oak_planks":278,"minecraft:wall_torch":3,"minecraft:amethyst_block":1,"minecraft:pink_petals":330,"minecraft:stone_brick_stairs":24,"minecraft:oak_log":253,"minecraft:sand":143,"minecraft:dirt":1854,"minecraft:mangrove_log":35,"minecraft:netherrack":45,"minecraft:oak_leaves":31,"minecraft:deepslate":75,"minecraft:tuff":1,"minecraft:deepslate_diamond_ore":5,"minecraft:mangrove_roots":3,"minecraft:spruce_fence":16,"minecraft:spruce_leaves":30,"minecraft:rooted_dirt":5,"minecraft:large_fern":1,"minecraft:hay_block":33,"minecraft:redstone_ore":5,"minecraft:spruce_sapling":1,"minecraft:furnace":18,"minecraft:carrots":10,"minecraft:andesite":16,"minecraft:stripped_spruce_log":2,"minecraft:gold_block":1,"minecraft:potatoes":2,"minecraft:deepslate_iron_ore":55,"minecraft:stripped_oak_log":6,"minecraft:packed_ice":1,"minecraft:bamboo":7,"minecraft:stone":3019,"minecraft:scaffolding":33,"minecraft:mangrove_stairs":2,"minecraft:glass_pane":12,"minecraft:cherry_planks":1,"minecraft:snow_block":11,"minecraft:stone_brick_slab":4,"minecraft:dandelion":2,"minecraft:spruce_door":6,"minecraft:oak_fence":2,"minecraft:crafting_table":24,"minecraft:mangrove_wood":8,"minecraft:short_grass":100,"minecraft:emerald_ore":5,"minecraft:oak_wood":461,"minecraft:tall_grass":17,"minecraft:lapis_ore":8,"minecraft:deepslate_gold_ore":15,"minecraft:sculk":21,"minecraft:spruce_stairs":29,"minecraft:birch_planks":102,"minecraft:coarse_dirt":5,"minecraft:trapped_chest":2,"minecraft:spruce_log":467,"minecraft:mangrove_planks":4,"minecraft:bee_nest":1,"minecraft:coal_ore":499,"minecraft:ochre_froglight":6,"minecraft:gravel":5,"minecraft:stone_bricks":424,"minecraft:gold_ore":2},"minecraft:killed":{"minecraft:spider":9,"minecraft:skeleton":11,"minecraft:bee":3,"minecraft:pig":7,"minecraft:zombie_villager":1,"minecraft:creeper":3,"minecraft:sheep":11,"minecraft:trader_llama":1,"minecraft:pillager":1,"minecraft:zombie":30,"minecraft:cow":17,"minecraft:phantom":3,"minecraft:player":1,"minecraft:enderman":5},"minecraft:crafted":{"minecraft:oak_planks":1316,"minecraft:oak_sign":18,"minecraft:stone":1410,"minecraft:cooked_mutton":21,"minecraft:glass":192,"minecraft:hopper":2,"minecraft:stone_brick_slab":36,"minecraft:iron_boots":1,"minecraft:mangrove_stairs":48,"minecraft:chest":10,"minecraft:stone_hoe":1,"minecraft:stone_bricks":1308,"minecraft:oak_fence":48,"minecraft:cooked_porkchop":23,"minecraft:crafting_table":2,"minecraft:spruce_planks":1416,"minecraft:iron_helmet":1,"minecraft:wooden_pickaxe":1,"minecraft:spruce_door":3,"minecraft:birch_planks":256,"minecraft:stone_brick_stairs":169,"minecraft:spruce_trapdoor":254,"minecraft:iron_chestplate":1,"minecraft:charcoal":64,"minecraft:shield":2,"minecraft:stick":356,"minecraft:iron_ingot":183,"minecraft:iron_pickaxe":24,"minecraft:stone_sword":1,"minecraft:gold_ingot":11,"minecraft:cherry_planks":80,"minecraft:stone_shovel":3,"minecraft:stone_brick_wall":111,"minecraft:iron_nugget":99,"minecraft:furnace":14,"minecraft:spruce_fence":36,"minecraft:glass_pane":160,"minecraft:flint_and_steel":1,"minecraft:scaffolding":72,"minecraft:lantern":12,"minecraft:spruce_stairs":88,"minecraft:iron_axe":5,"minecraft:spruce_slab":24,"minecraft:stone_pickaxe":2,"minecraft:wheat":315,"minecraft:cooked_beef":27,"minecraft:iron_sword":2,"minecraft:mangrove_planks":76,"minecraft:bucket":1,"minecraft:stone_axe":12,"minecraft:bread":105,"minecraft:air":0,"minecraft:oak_boat":3,"minecraft:iron_shovel":18,"minecraft:iron_leggings":1,"minecraft:white_bed":1,"minecraft:torch":372},"minecraft:custom":{"minecraft:interact_with_crafting_table":139,"minecraft:bell_ring":1,"minecraft:leave_game":26,"minecraft:time_since_death":533415,"minecraft:sprint_one_cm":1169923,"minecraft:drop":310,"minecraft:talked_to_villager":6,"minecraft:play_time":1043545,"minecraft:deaths":5,"minecraft:jump":13760,"minecraft:walk_on_water_one_cm":80745,"minecraft:interact_with_furnace":308,"minecraft:sleep_in_bed":26,"minecraft:damage_dealt":19323,"minecraft:player_kills":1,"minecraft:crouch_one_cm":211463,"minecraft:interact_with_smoker":16,"minecraft:mob_kills":108,"minecraft:inspect_hopper":27,"minecraft:climb_one_cm":29767,"minecraft:walk_one_cm":2363399,"minecraft:sneak_time":52938,"minecraft:walk_under_water_one_cm":46571,"minecraft:boat_one_cm":6027,"minecraft:total_world_time":1043545,"minecraft:interact_with_grindstone":2,"minecraft:interact_with_stonecutter":7,"minecraft:time_since_rest":106223,"minecraft:damage_taken":11449,"minecraft:trigger_trapped_chest":5,"minecraft:swim_one_cm":61253,"minecraft:fly_one_cm":2563182,"minecraft:open_chest":337,"minecraft:fall_one_cm":376223},"minecraft:broken":{"minecraft:golden_helmet":1,"minecraft:iron_shovel":6,"minecraft:stone_axe":10,"minecraft:stone_shovel":3,"minecraft:flint_and_steel":1,"minecraft:iron_axe":3,"minecraft:iron_pickaxe":16},"minecraft:dropped":{"minecraft:birch_planks":48,"minecraft:lapis_lazuli":30,"minecraft:cooked_beef":9,"minecraft:oak_log":32,"minecraft:baked_potato":6,"minecraft:golden_pickaxe":1,"minecraft:diamond":1,"minecraft:crafting_table":1,"minecraft:lantern":5,"minecraft:emerald":4,"minecraft:flint":3,"minecraft:gold_block":1,"minecraft:dirt":28,"minecraft:mangrove_wood":5,"minecraft:mangrove_stairs":18,"minecraft:gold_nugget":2,"minecraft:sand":156,"minecraft:iron_pickaxe":4,"minecraft:white_wool":5,"minecraft:bone":11,"minecraft:armor_stand":1,"minecraft:oak_door":2,"minecraft:gravel":46,"minecraft:stone_axe":1,"minecraft:mangrove_roots":3,"minecraft:iron_nugget":13,"minecraft:cobbled_deepslate":13,"minecraft:wheat":1,"minecraft:cherry_sapling":53,"minecraft:rotten_flesh":30,"minecraft:oak_planks":42,"minecraft:salmon":1,"minecraft:oak_wood":50,"minecraft:ochre_froglight":2,"minecraft:beetroot_seeds":1,"minecraft:hopper":1,"minecraft:azalea":11,"minecraft:chest":3,"minecraft:spruce_wood":31,"minecraft:spruce_slab":28,"minecraft:arrow":2,"minecraft:glass":123,"minecraft:scaffolding":52,"minecraft:netherrack":44,"minecraft:egg":1,"minecraft:iron_ingot":11,"minecraft:wheat_seeds":44,"minecraft:cherry_log":7,"minecraft:golden_helmet":1,"minecraft:oak_fence":20,"minecraft:golden_axe":2,"minecraft:feather":1,"minecraft:cobblestone":415,"minecraft:amethyst_block":2,"minecraft:spruce_stairs":162,"minecraft:coal":9,"minecraft:stick":21,"minecraft:gray_wool":1,"minecraft:torch":359,"minecraft:wooden_axe":1,"minecraft:cherry_planks":1,"minecraft:oak_stairs":4,"minecraft:iron_shovel":5,"minecraft:string":5,"minecraft:pink_petals":672,"minecraft:spruce_sapling":27,"minecraft:redstone":10,"minecraft:stone_sword":1,"minecraft:light_gray_wool":4,"minecraft:iron_boots":2,"minecraft:spruce_fence":8,"minecraft:oak_sign":3,"minecraft:glass_pane":145,"minecraft:hay_block":13,"minecraft:stone":638,"minecraft:spruce_trapdoor":136,"minecraft:spruce_planks":48,"minecraft:andesite":10,"minecraft:oak_boat":2,"minecraft:oak_sapling":34,"minecraft:stone_bricks":842,"minecraft:spider_eye":1,"minecraft:bamboo":15,"minecraft:spruce_log":109,"minecraft:stone_pickaxe":1,"minecraft:wooden_pickaxe":2,"minecraft:calcite":220,"minecraft:black_wool":2},"minecraft:used":{"minecraft:cherry_sapling":53,"minecraft:iron_shovel":1927,"minecraft:spruce_slab":4,"minecraft:oak_sign":27,"minecraft:chest":22,"minecraft:shield":1,"minecraft:iron_sword":263,"minecraft:player_head":2,"minecraft:tuff":1,"minecraft:snowball":65,"minecraft:glass":9,"minecraft:mangrove_stairs":32,"minecraft:lantern":12,"minecraft:grass_block":19,"minecraft:stone_brick_stairs":232,"minecraft:stone_bricks":1024,"minecraft:scaffolding":68,"minecraft:furnace":26,"minecraft:oak_sapling":3,"minecraft:spruce_door":7,"minecraft:mangrove_planks":4,"minecraft:stone_pickaxe":145,"minecraft:oak_planks":945,"minecraft:wooden_pickaxe":41,"minecraft:sugar_cane":91,"minecraft:sand":7,"minecraft:ochre_froglight":1,"minecraft:stone_brick_wall":96,"minecraft:bread":122,"minecraft:fire_charge":1,"minecraft:andesite":6,"minecraft:coarse_dirt":5,"minecraft:azalea":1,"minecraft:oak_fence":30,"minecraft:stone_sword":27,"minecraft:flint_and_steel":64,"minecraft:stone_shovel":396,"minecraft:spruce_planks":308,"minecraft:torch":404,"minecraft:dirt":2186,"minecraft:hopper":14,"minecraft:spruce_stairs":49,"minecraft:spruce_fence":44,"minecraft:stone_brick_slab":51,"minecraft:iron_axe":984,"minecraft:rooted_dirt":4,"minecraft:cooked_beef":22,"minecraft:cobbled_deepslate":15,"minecraft:golden_axe":18,"minecraft:calcite":37,"minecraft:cooked_mutton":16,"minecraft:water_bucket":126,"minecraft:cobblestone_stairs":6,"minecraft:birch_planks":277,"minecraft:baked_potato":10,"minecraft:crafting_table":24,"minecraft:white_bed":17,"minecraft:spruce_log":128,"minecraft:smoker":3,"minecraft:apple":40,"minecraft:iron_pickaxe":4759,"minecraft:spruce_trapdoor":234,"minecraft:spruce_sapling":60,"minecraft:stone_axe":1624,"minecraft:pink_petals":58,"minecraft:cobblestone":1166,"minecraft:white_banner":2,"minecraft:cooked_porkchop":23,"minecraft:bucket":127,"minecraft:glass_pane":70,"minecraft:stripped_oak_log":5,"minecraft:dandelion":1},"minecraft:killed_by":{"minecraft:zombie":3,"minecraft:player":1,"minecraft:skeleton":1},"minecraft:picked_up":{"minecraft:wooden_axe":1,"minecraft:wheat":1,"minecraft:oak_stairs":4,"minecraft:stone_brick_stairs":22,"minecraft:amethyst_block":3,"minecraft:string":19,"minecraft:armor_stand":1,"minecraft:oak_sign":13,"minecraft:smooth_stone":16,"minecraft:cobbled_deepslate":95,"minecraft:spruce_planks":54,"minecraft:calcite":692,"minecraft:azalea":12,"minecraft:iron_pickaxe":7,"minecraft:mangrove_log":35,"minecraft:iron_boots":2,"minecraft:furnace":19,"minecraft:golden_helmet":1,"minecraft:stick":674,"minecraft:oak_fence":2,"minecraft:torch":558,"minecraft:spruce_stairs":123,"minecraft:porkchop":23,"minecraft:golden_axe":2,"minecraft:cherry_log":676,"minecraft:mangrove_stairs":2,"minecraft:rotten_flesh":37,"minecraft:mangrove_roots":3,"minecraft:obsidian":4,"minecraft:snowball":68,"minecraft:cobblestone":3333,"minecraft:pink_petals":1094,"minecraft:cooked_beef":9,"minecraft:cherry_planks":1,"minecraft:water_bucket":2,"minecraft:andesite":24,"minecraft:smoker":2,"minecraft:potato":40,"minecraft:flint":2,"minecraft:tuff":1,"minecraft:lapis_lazuli":192,"minecraft:dirt":2421,"minecraft:lantern":7,"minecraft:glass":123,"minecraft:bone":18,"minecraft:wheat_seeds":68,"minecraft:raw_gold":23,"minecraft:bamboo":87,"minecraft:oak_planks":554,"minecraft:sand":222,"minecraft:stripped_spruce_log":1,"minecraft:grass_block":19,"minecraft:diamond":14,"minecraft:mangrove_wood":5,"minecraft:bread":45,"minecraft:emerald":18,"minecraft:rooted_dirt":4,"minecraft:oak_sapling":233,"minecraft:netherrack":44,"minecraft:coarse_dirt":5,"minecraft:crafting_table":27,"minecraft:ominous_bottle":4,"minecraft:wooden_pickaxe":1,"minecraft:stone_brick_wall":3,"minecraft:gold_block":1,"minecraft:iron_shovel":3,"minecraft:glass_pane":119,"minecraft:beef":37,"minecraft:oak_boat":2,"minecraft:player_head":3,"minecraft:spruce_slab":51,"minecraft:light_gray_wool":4,"minecraft:sugar_cane":392,"minecraft:chest":17,"minecraft:spruce_trapdoor":116,"minecraft:phantom_membrane":5,"minecraft:raw_iron":336,"minecraft:stone":576,"minecraft:oak_door":2,"minecraft:spruce_fence":16,"minecraft:carrot":62,"minecraft:redstone":142,"minecraft:arrow":13,"minecraft:beetroot_seeds":2,"minecraft:hay_block":48,"minecraft:gold_ingot":11,"minecraft:mutton":21,"minecraft:white_wool":8,"minecraft:stripped_oak_log":6,"minecraft:leather":17,"minecraft:ochre_froglight":3,"minecraft:birch_planks":102,"minecraft:oak_log":313,"minecraft:golden_boots":1,"minecraft:yellow_bed":1,"minecraft:gunpowder":10,"minecraft:cobblestone_stairs":6,"minecraft:white_banner":2,"minecraft:apple":20,"minecraft:stone_bricks":943,"minecraft:spruce_wood":37,"minecraft:iron_ingot":63,"minecraft:mangrove_planks":4,"minecraft:iron_sword":4,"minecraft:scaffolding":48,"minecraft:stone_brick_slab":6,"minecraft:dandelion":1,"minecraft:gravel":36,"minecraft:amethyst_shard":144,"minecraft:spruce_sapling":179,"minecraft:white_bed":16,"minecraft:spruce_log":559,"minecraft:spider_eye":2,"minecraft:spruce_door":6,"minecraft:oak_wood":644,"minecraft:stone_axe":4,"minecraft:cherry_sapling":194,"minecraft:gray_wool":1,"minecraft:baked_potato":16,"minecraft:black_wool":2,"minecraft:coal":777,"minecraft:hopper":16,"minecraft:ender_pearl":8}},"DataVersion":3955}