{"stats":{"minecraft:killed":{"minecraft:spider":3,"minecraft:phantom":1,"minecraft:skeleton":9,"minecraft:pig":7,"minecraft:creeper":3,"minecraft:sheep":11,"minecraft:pillager":1,"minecraft:zombie":24,"minecraft:player":1,"minecraft:enderman":4,"minecraft:cow":17},"minecraft:broken":{"minecraft:golden_helmet":1,"minecraft:iron_shovel":5,"minecraft:stone_axe":10,"minecraft:iron_pickaxe":8,"minecraft:stone_shovel":3},"minecraft:killed_by":{"minecraft:player":1,"minecraft:skeleton":1,"minecraft:zombie":3},"minecraft:custom":{"minecraft:mob_kills":85,"minecraft:inspect_hopper":4,"minecraft:interact_with_crafting_table":58,"minecraft:leave_game":12,"minecraft:time_since_death":6030,"minecraft:climb_one_cm":980,"minecraft:sprint_one_cm":715279,"minecraft:walk_one_cm":1314974,"minecraft:drop":165,"minecraft:talked_to_villager":4,"minecraft:play_time":516160,"minecraft:deaths":5,"minecraft:sneak_time":23613,"minecraft:walk_under_water_one_cm":31366,"minecraft:boat_one_cm":6027,"minecraft:jump":7836,"minecraft:walk_on_water_one_cm":64411,"minecraft:total_world_time":516160,"minecraft:interact_with_furnace":72,"minecraft:interact_with_grindstone":2,"minecraft:sleep_in_bed":14,"minecraft:time_since_rest":2704,"minecraft:damage_taken":6438,"minecraft:trigger_trapped_chest":3,"minecraft:damage_dealt":14652,"minecraft:swim_one_cm":46212,"minecraft:player_kills":1,"minecraft:fly_one_cm":1486704,"minecraft:open_chest":105,"minecraft:crouch_one_cm":108832,"minecraft:interact_with_smoker":3,"minecraft:fall_one_cm":211639},"minecraft:dropped":{"minecraft:iron_ingot":10,"minecraft:wheat_seeds":42,"minecraft:cherry_log":7,"minecraft:cooked_beef":5,"minecraft:oak_log":32,"minecraft:oak_fence":1,"minecraft:cobblestone":415,"minecraft:emerald":1,"minecraft:coal":9,"minecraft:flint":1,"minecraft:stick":21,"minecraft:gold_block":1,"minecraft:dirt":7,"minecraft:gray_wool":1,"minecraft:torch":295,"minecraft:mangrove_wood":5,"minecraft:mangrove_stairs":18,"minecraft:oak_stairs":4,"minecraft:gold_nugget":2,"minecraft:sand":156,"minecraft:iron_pickaxe":2,"minecraft:iron_shovel":5,"minecraft:string":2,"minecraft:pink_petals":414,"minecraft:white_wool":5,"minecraft:spruce_sapling":12,"minecraft:armor_stand":1,"minecraft:oak_door":2,"minecraft:gravel":35,"minecraft:iron_nugget":13,"minecraft:stone_sword":1,"minecraft:wheat":1,"minecraft:cherry_sapling":45,"minecraft:rotten_flesh":10,"minecraft:light_gray_wool":2,"minecraft:oak_planks":14,"minecraft:iron_boots":1,"minecraft:oak_sign":1,"minecraft:hay_block":13,"minecraft:oak_wood":50,"minecraft:ochre_froglight":1,"minecraft:andesite":4,"minecraft:hopper":1,"minecraft:azalea":11,"minecraft:oak_boat":2,"minecraft:oak_sapling":18,"minecraft:spruce_wood":31,"minecraft:spruce_log":37,"minecraft:stone_pickaxe":1,"minecraft:wooden_pickaxe":1,"minecraft:calcite":2,"minecraft:netherrack":44},"minecraft:used":{"minecraft:azalea":1,"minecraft:cherry_sapling":53,"minecraft:stone_sword":27,"minecraft:iron_shovel":1625,"minecraft:stone_shovel":396,"minecraft:oak_sign":6,"minecraft:chest":11,"minecraft:shield":1,"minecraft:spruce_planks":14,"minecraft:iron_sword":178,"minecraft:player_head":2,"minecraft:torch":300,"minecraft:dirt":1950,"minecraft:hopper":2,"minecraft:snowball":60,"minecraft:mangrove_stairs":32,"minecraft:grass_block":19,"minecraft:rooted_dirt":4,"minecraft:furnace":13,"minecraft:cooked_beef":2,"minecraft:golden_axe":18,"minecraft:cooked_mutton":7,"minecraft:water_bucket":39,"minecraft:cobblestone_stairs":6,"minecraft:stone_pickaxe":145,"minecraft:oak_planks":150,"minecraft:wooden_pickaxe":41,"minecraft:crafting_table":15,"minecraft:white_bed":12,"minecraft:ochre_froglight":1,"minecraft:smoker":1,"minecraft:apple":25,"minecraft:bread":108,"minecraft:iron_pickaxe":2537,"minecraft:spruce_sapling":25,"minecraft:stone_axe":1567,"minecraft:pink_petals":58,"minecraft:fire_charge":1,"minecraft:cobblestone":1156,"minecraft:white_banner":2,"minecraft:bucket":40,"minecraft:andesite":6,"minecraft:coarse_dirt":5,"minecraft:dandelion":1},"minecraft:mined":{"minecraft:spruce_planks":12,"minecraft:white_bed":8,"minecraft:deepslate_diamond_ore":5,"minecraft:cobblestone_stairs":6,"minecraft:sculk_vein":1,"minecraft:cherry_log":488,"minecraft:grass_block":366,"minecraft:spruce_leaves":28,"minecraft:hopper":2,"minecraft:oak_wall_sign":1,"minecraft:rooted_dirt":5,"minecraft:large_fern":1,"minecraft:hay_block":33,"minecraft:redstone_ore":5,"minecraft:furnace":11,"minecraft:iron_ore":148,"minecraft:andesite":14,"minecraft:stripped_spruce_log":1,"minecraft:gold_block":1,"minecraft:deepslate_iron_ore":10,"minecraft:dirt_path":4,"minecraft:spruce_wood":83,"minecraft:azalea_leaves":1,"minecraft:stone":1669,"minecraft:deepslate_redstone_ore":5,"minecraft:mangrove_stairs":2,"minecraft:snow_block":11,"minecraft:amethyst_cluster":12,"minecraft:dandelion":2,"minecraft:oak_fence":1,"minecraft:crafting_table":14,"minecraft:torch":24,"minecraft:mangrove_wood":8,"minecraft:short_grass":68,"minecraft:emerald_ore":4,"minecraft:oak_wood":461,"minecraft:calcite":288,"minecraft:chest":5,"minecraft:tall_grass":17,"minecraft:cobblestone":109,"minecraft:deepslate_gold_ore":4,"minecraft:lapis_ore":8,"minecraft:oak_planks":20,"minecraft:sculk":13,"minecraft:wall_torch":3,"minecraft:amethyst_block":1,"minecraft:pink_petals":248,"minecraft:coarse_dirt":5,"minecraft:trapped_chest":2,"minecraft:spruce_log":119,"minecraft:oak_log":253,"minecraft:coal_ore":350,"minecraft:ochre_froglight":3,"minecraft:gravel":5,"minecraft:sand":140,"minecraft:dirt":1555,"minecraft:mangrove_log":18,"minecraft:netherrack":45,"minecraft:gold_ore":2,"minecraft:oak_leaves":4,"minecraft:deepslate":4},"minecraft:picked_up":{"minecraft:crafting_table":15,"minecraft:coarse_dirt":5,"minecraft:wheat":1,"minecraft:ominous_bottle":2,"minecraft:oak_stairs":4,"minecraft:gold_block":1,"minecraft:amethyst_block":1,"minecraft:string":6,"minecraft:armor_stand":1,"minecraft:iron_shovel":1,"minecraft:oak_sign":4,"minecraft:cobbled_deepslate":4,"minecraft:spruce_planks":12,"minecraft:beef":37,"minecraft:oak_boat":2,"minecraft:player_head":3,"minecraft:calcite":258,"minecraft:azalea":12,"minecraft:iron_pickaxe":4,"minecraft:light_gray_wool":2,"minecraft:chest":5,"minecraft:phantom_membrane":2,"minecraft:mangrove_log":18,"minecraft:iron_boots":1,"minecraft:furnace":10,"minecraft:stick":383,"minecraft:raw_iron":161,"minecraft:oak_door":2,"minecraft:oak_fence":1,"minecraft:torch":463,"minecraft:porkchop":23,"minecraft:cherry_log":303,"minecraft:redstone":44,"minecraft:arrow":8,"minecraft:mangrove_stairs":2,"minecraft:rotten_flesh":17,"minecraft:beetroot_seeds":1,"minecraft:hay_block":48,"minecraft:mutton":21,"minecraft:snowball":60,"minecraft:white_wool":8,"minecraft:cobblestone":1807,"minecraft:pink_petals":828,"minecraft:water_bucket":1,"minecraft:andesite":14,"minecraft:leather":15,"minecraft:ochre_froglight":2,"minecraft:oak_log":216,"minecraft:gunpowder":4,"minecraft:cobblestone_stairs":6,"minecraft:lapis_lazuli":54,"minecraft:lantern":2,"minecraft:dirt":1976,"minecraft:white_banner":2,"minecraft:bone":13,"minecraft:apple":16,"minecraft:wheat_seeds":16,"minecraft:raw_gold":6,"minecraft:spruce_wood":31,"minecraft:iron_ingot":6,"minecraft:oak_planks":172,"minecraft:iron_sword":2,"minecraft:dandelion":1,"minecraft:gravel":35,"minecraft:sand":156,"minecraft:amethyst_shard":48,"minecraft:spruce_sapling":81,"minecraft:grass_block":19,"minecraft:white_bed":11,"minecraft:spruce_log":119,"minecraft:oak_wood":416,"minecraft:diamond":5,"minecraft:mangrove_wood":5,"minecraft:stone_axe":2,"minecraft:cherry_sapling":190,"minecraft:gray_wool":1,"minecraft:bread":32,"minecraft:emerald":4,"minecraft:rooted_dirt":4,"minecraft:oak_sapling":112,"minecraft:netherrack":44,"minecraft:coal":459,"minecraft:hopper":2,"minecraft:ender_pearl":4},"minecraft:crafted":{"minecraft:cherry_planks":80,"minecraft:oak_planks":520,"minecraft:stone_shovel":3,"minecraft:oak_sign":3,"minecraft:furnace":9,"minecraft:cooked_mutton":21,"minecraft:hopper":1,"minecraft:mangrove_stairs":48,"minecraft:stone_pickaxe":2,"minecraft:chest":7,"minecraft:wheat":315,"minecraft:cooked_beef":7,"minecraft:crafting_table":2,"minecraft:spruce_planks":36,"minecraft:wooden_pickaxe":1,"minecraft:iron_sword":1,"minecraft:mangrove_planks":72,"minecraft:bucket":1,"minecraft:stone_axe":12,"minecraft:bread":105,"minecraft:air":0,"minecraft:oak_boat":3,"minecraft:shield":2,"minecraft:stick":208,"minecraft:iron_ingot":83,"minecraft:iron_pickaxe":12,"minecraft:stone_sword":1,"minecraft:iron_shovel":12,"minecraft:white_bed":1,"minecraft:torch":268}},"DataVersion":3955}