{"stats":{"minecraft:mined":{"minecraft:spruce_planks":12,"minecraft:white_bed":2,"minecraft:dandelion":2,"minecraft:oak_fence":1,"minecraft:crafting_table":4,"minecraft:short_grass":16,"minecraft:oak_wood":106,"minecraft:grass_block":1,"minecraft:tall_grass":1,"minecraft:cobblestone":13,"minecraft:spruce_leaves":4,"minecraft:large_fern":1,"minecraft:hay_block":33,"minecraft:furnace":4,"minecraft:iron_ore":9,"minecraft:spruce_log":7,"minecraft:andesite":1,"minecraft:oak_log":128,"minecraft:coal_ore":75,"minecraft:ochre_froglight":3,"minecraft:stone":71},"minecraft:broken":{"minecraft:stone_axe":2},"minecraft:killed_by":{"minecraft:zombie":1},"minecraft:dropped":{"minecraft:oak_door":2,"minecraft:wheat_seeds":1,"minecraft:cooked_beef":5,"minecraft:wheat":1,"minecraft:oak_fence":1,"minecraft:rotten_flesh":2,"minecraft:light_gray_wool":2,"minecraft:oak_planks":4,"minecraft:iron_boots":1,"minecraft:gray_wool":1,"minecraft:ochre_froglight":1,"minecraft:oak_sapling":18,"minecraft:wooden_pickaxe":1,"minecraft:white_wool":4,"minecraft:spruce_sapling":2},"minecraft:used":{"minecraft:cooked_mutton":5,"minecraft:stone_sword":19,"minecraft:stone_pickaxe":136,"minecraft:oak_planks":6,"minecraft:spruce_planks":14,"minecraft:wooden_pickaxe":41,"minecraft:dirt":1,"minecraft:crafting_table":4,"minecraft:white_bed":1,"minecraft:ochre_froglight":1,"minecraft:bread":7,"minecraft:spruce_sapling":1,"minecraft:stone_axe":294,"minecraft:furnace":2,"minecraft:andesite":1,"minecraft:cooked_beef":2,"minecraft:dandelion":1},"minecraft:custom":{"minecraft:interact_with_furnace":17,"minecraft:mob_kills":39,"minecraft:interact_with_crafting_table":10,"minecraft:interact_with_grindstone":2,"minecraft:time_since_death":24205,"minecraft:leave_game":2,"minecraft:sleep_in_bed":1,"minecraft:time_since_rest":5873,"minecraft:sprint_one_cm":105758,"minecraft:damage_taken":841,"minecraft:walk_one_cm":164743,"minecraft:drop":25,"minecraft:damage_dealt":4410,"minecraft:swim_one_cm":15550,"minecraft:talked_to_villager":3,"minecraft:fly_one_cm":277116,"minecraft:open_chest":8,"minecraft:crouch_one_cm":2580,"minecraft:play_time":74717,"minecraft:deaths":1,"minecraft:sneak_time":1387,"minecraft:walk_under_water_one_cm":2821,"minecraft:jump":1515,"minecraft:walk_on_water_one_cm":7406,"minecraft:total_world_time":74717,"minecraft:fall_one_cm":41922},"minecraft:picked_up":{"minecraft:crafting_table":4,"minecraft:wheat":1,"minecraft:andesite":1,"minecraft:leather":15,"minecraft:ochre_froglight":2,"minecraft:oak_log":97,"minecraft:dirt":1,"minecraft:lantern":2,"minecraft:bone":2,"minecraft:apple":5,"minecraft:wheat_seeds":7,"minecraft:spruce_planks":12,"minecraft:beef":37,"minecraft:light_gray_wool":2,"minecraft:oak_planks":4,"minecraft:furnace":4,"minecraft:stick":31,"minecraft:raw_iron":9,"minecraft:oak_door":2,"minecraft:oak_fence":1,"minecraft:dandelion":1,"minecraft:porkchop":15,"minecraft:spruce_sapling":3,"minecraft:white_bed":2,"minecraft:spruce_log":8,"minecraft:oak_wood":72,"minecraft:rotten_flesh":2,"minecraft:arrow":3,"minecraft:hay_block":31,"minecraft:gray_wool":1,"minecraft:oak_sapling":18,"minecraft:mutton":19,"minecraft:coal":94,"minecraft:white_wool":7,"minecraft:cobblestone":88},"minecraft:crafted":{"minecraft:cooked_beef":7,"minecraft:oak_planks":292,"minecraft:crafting_table":1,"minecraft:spruce_planks":32,"minecraft:wooden_pickaxe":1,"minecraft:furnace":2,"minecraft:stone_axe":4,"minecraft:cooked_mutton":19,"minecraft:air":0,"minecraft:stick":48,"minecraft:stone_pickaxe":2,"minecraft:stone_sword":1,"minecraft:white_bed":1},"minecraft:killed":{"minecraft:pig":7,"minecraft:spider":1,"minecraft:sheep":10,"minecraft:skeleton":2,"minecraft:zombie":2,"minecraft:cow":17}},"DataVersion":3955}