{"stats":{"minecraft:custom":{"minecraft:mob_kills":60,"minecraft:interact_with_crafting_table":43,"minecraft:leave_game":5,"minecraft:time_since_death":5794,"minecraft:climb_one_cm":980,"minecraft:sprint_one_cm":461686,"minecraft:walk_one_cm":952522,"minecraft:drop":119,"minecraft:talked_to_villager":3,"minecraft:play_time":359535,"minecraft:sneak_time":17594,"minecraft:deaths":3,"minecraft:walk_under_water_one_cm":12461,"minecraft:boat_one_cm":6027,"minecraft:jump":5134,"minecraft:walk_on_water_one_cm":35271,"minecraft:total_world_time":359535,"minecraft:interact_with_furnace":72,"minecraft:interact_with_grindstone":2,"minecraft:sleep_in_bed":13,"minecraft:time_since_rest":5845,"minecraft:damage_taken":3889,"minecraft:damage_dealt":8547,"minecraft:swim_one_cm":34819,"minecraft:fly_one_cm":969809,"minecraft:open_chest":76,"minecraft:crouch_one_cm":89549,"minecraft:interact_with_smoker":3,"minecraft:fall_one_cm":141548},"minecraft:used":{"minecraft:cherry_sapling":53,"minecraft:stone_sword":27,"minecraft:iron_shovel":1362,"minecraft:stone_shovel":396,"minecraft:spruce_planks":14,"minecraft:chest":8,"minecraft:iron_sword":74,"minecraft:torch":204,"minecraft:dirt":1706,"minecraft:snowball":60,"minecraft:mangrove_stairs":32,"minecraft:furnace":13,"minecraft:cooked_beef":2,"minecraft:cooked_mutton":7,"minecraft:water_bucket":1,"minecraft:cobblestone_stairs":6,"minecraft:stone_pickaxe":145,"minecraft:oak_planks":93,"minecraft:wooden_pickaxe":41,"minecraft:crafting_table":11,"minecraft:white_bed":12,"minecraft:ochre_froglight":1,"minecraft:smoker":1,"minecraft:apple":14,"minecraft:bread":65,"minecraft:iron_pickaxe":2188,"minecraft:spruce_sapling":1,"minecraft:stone_axe":891,"minecraft:cobblestone":1145,"minecraft:bucket":2,"minecraft:andesite":1,"minecraft:dandelion":1},"minecraft:broken":{"minecraft:iron_shovel":4,"minecraft:stone_axe":6,"minecraft:iron_pickaxe":8,"minecraft:stone_shovel":3},"minecraft:killed_by":{"minecraft:player":1,"minecraft:skeleton":1,"minecraft:zombie":1},"minecraft:killed":{"minecraft:spider":2,"minecraft:phantom":1,"minecraft:skeleton":4,"minecraft:pig":7,"minecraft:creeper":1,"minecraft:sheep":11,"minecraft:pillager":1,"minecraft:zombie":11,"minecraft:cow":17},"minecraft:crafted":{"minecraft:cherry_planks":80,"minecraft:oak_planks":324,"minecraft:stone_shovel":3,"minecraft:furnace":2,"minecraft:cooked_mutton":21,"minecraft:mangrove_stairs":48,"minecraft:stone_pickaxe":2,"minecraft:chest":6,"minecraft:wheat":162,"minecraft:cooked_beef":7,"minecraft:crafting_table":1,"minecraft:spruce_planks":32,"minecraft:wooden_pickaxe":1,"minecraft:iron_sword":1,"minecraft:mangrove_planks":72,"minecraft:bucket":1,"minecraft:stone_axe":8,"minecraft:bread":54,"minecraft:air":0,"minecraft:stick":208,"minecraft:iron_ingot":83,"minecraft:iron_pickaxe":12,"minecraft:stone_sword":1,"minecraft:iron_shovel":12,"minecraft:white_bed":1,"minecraft:torch":268},"minecraft:mined":{"minecraft:spruce_planks":12,"minecraft:white_bed":8,"minecraft:cobblestone_stairs":6,"minecraft:cherry_log":458,"minecraft:grass_block":230,"minecraft:spruce_leaves":5,"minecraft:large_fern":1,"minecraft:hay_block":33,"minecraft:furnace":11,"minecraft:iron_ore":80,"minecraft:andesite":7,"minecraft:dirt_path":4,"minecraft:deepslate_iron_ore":5,"minecraft:spruce_wood":52,"minecraft:stone":1582,"minecraft:mangrove_stairs":2,"minecraft:snow_block":11,"minecraft:dandelion":2,"minecraft:oak_fence":1,"minecraft:crafting_table":10,"minecraft:mangrove_wood":8,"minecraft:torch":24,"minecraft:short_grass":56,"minecraft:emerald_ore":1,"minecraft:oak_wood":106,"minecraft:calcite":288,"minecraft:chest":2,"minecraft:tall_grass":12,"minecraft:cobblestone":108,"minecraft:oak_planks":17,"minecraft:wall_torch":2,"minecraft:pink_petals":174,"minecraft:spruce_log":33,"minecraft:oak_log":128,"minecraft:coal_ore":280,"minecraft:ochre_froglight":3,"minecraft:sand":140,"minecraft:gravel":5,"minecraft:dirt":1411,"minecraft:mangrove_log":18,"minecraft:oak_leaves":3},"minecraft:picked_up":{"minecraft:crafting_table":10,"minecraft:wheat":1,"minecraft:ominous_bottle":2,"minecraft:string":4,"minecraft:armor_stand":1,"minecraft:iron_shovel":1,"minecraft:spruce_planks":12,"minecraft:beef":37,"minecraft:oak_boat":1,"minecraft:calcite":258,"minecraft:iron_pickaxe":2,"minecraft:light_gray_wool":2,"minecraft:chest":2,"minecraft:phantom_membrane":2,"minecraft:mangrove_log":18,"minecraft:furnace":10,"minecraft:stick":180,"minecraft:raw_iron":81,"minecraft:oak_door":2,"minecraft:oak_fence":1,"minecraft:torch":355,"minecraft:porkchop":23,"minecraft:cherry_log":303,"minecraft:arrow":5,"minecraft:mangrove_stairs":2,"minecraft:rotten_flesh":6,"minecraft:beetroot_seeds":1,"minecraft:hay_block":48,"minecraft:mutton":21,"minecraft:snowball":60,"minecraft:white_wool":8,"minecraft:cobblestone":1719,"minecraft:pink_petals":485,"minecraft:andesite":7,"minecraft:leather":15,"minecraft:ochre_froglight":2,"minecraft:oak_log":97,"minecraft:gunpowder":4,"minecraft:cobblestone_stairs":6,"minecraft:dirt":1731,"minecraft:lantern":2,"minecraft:white_banner":2,"minecraft:bone":5,"minecraft:apple":5,"minecraft:wheat_seeds":13,"minecraft:iron_ingot":1,"minecraft:iron_sword":1,"minecraft:oak_planks":93,"minecraft:dandelion":1,"minecraft:gravel":35,"minecraft:sand":156,"minecraft:spruce_sapling":13,"minecraft:white_bed":11,"minecraft:spruce_log":33,"minecraft:oak_wood":72,"minecraft:stone_axe":1,"minecraft:mangrove_wood":5,"minecraft:cherry_sapling":187,"minecraft:gray_wool":1,"minecraft:emerald":1,"minecraft:oak_sapling":18,"minecraft:coal":390},"minecraft:dropped":{"minecraft:iron_ingot":10,"minecraft:wheat_seeds":39,"minecraft:cooked_beef":5,"minecraft:cherry_log":7,"minecraft:oak_log":32,"minecraft:oak_fence":1,"minecraft:cobblestone":415,"minecraft:coal":9,"minecraft:stick":17,"minecraft:emerald":1,"minecraft:dirt":1,"minecraft:gray_wool":1,"minecraft:torch":295,"minecraft:mangrove_wood":5,"minecraft:mangrove_stairs":18,"minecraft:gold_nugget":2,"minecraft:sand":156,"minecraft:iron_pickaxe":2,"minecraft:iron_shovel":5,"minecraft:string":2,"minecraft:pink_petals":129,"minecraft:white_wool":5,"minecraft:spruce_sapling":4,"minecraft:armor_stand":1,"minecraft:oak_door":2,"minecraft:gravel":35,"minecraft:stone_sword":1,"minecraft:wheat":1,"minecraft:cherry_sapling":42,"minecraft:rotten_flesh":6,"minecraft:light_gray_wool":2,"minecraft:oak_planks":11,"minecraft:iron_boots":1,"minecraft:hay_block":13,"minecraft:ochre_froglight":1,"minecraft:andesite":4,"minecraft:oak_boat":1,"minecraft:oak_sapling":18,"minecraft:wooden_pickaxe":1,"minecraft:stone_pickaxe":1,"minecraft:calcite":2}},"DataVersion":3955}