{"stats":{"minecraft:dropped":{"minecraft:oak_log":129,"minecraft:oak_planks":50,"minecraft:spruce_planks":37,"minecraft:oak_wood":129,"minecraft:spruce_log":23},"minecraft:mined":{"minecraft:spruce_planks":4,"minecraft:dandelion":2,"minecraft:crafting_table":1,"minecraft:short_grass":15,"minecraft:oak_wood":177,"minecraft:grass_block":8,"minecraft:poppy":1,"minecraft:spruce_leaves":23,"minecraft:large_fern":1,"minecraft:spruce_log":155,"minecraft:yellow_bed":1,"minecraft:coal_ore":12,"minecraft:oak_log":141,"minecraft:dirt":11,"minecraft:stone":47,"minecraft:white_wool":4,"minecraft:oak_leaves":5},"minecraft:killed_by":{"minecraft:iron_golem":1},"minecraft:custom":{"minecraft:mob_kills":11,"minecraft:interact_with_crafting_table":8,"minecraft:time_since_death":6397,"minecraft:sleep_in_bed":2,"minecraft:climb_one_cm":11976,"minecraft:time_since_rest":1642,"minecraft:sprint_one_cm":342719,"minecraft:damage_taken":446,"minecraft:walk_one_cm":291757,"minecraft:drop":9,"minecraft:damage_dealt":1029,"minecraft:swim_one_cm":14720,"minecraft:fly_one_cm":64503,"minecraft:open_chest":3,"minecraft:crouch_one_cm":2479,"minecraft:play_time":92306,"minecraft:deaths":1,"minecraft:sneak_time":1120,"minecraft:walk_under_water_one_cm":4168,"minecraft:jump":810,"minecraft:walk_on_water_one_cm":10761,"minecraft:total_world_time":92306,"minecraft:fall_one_cm":6615},"minecraft:used":{"minecraft:stone_sword":33,"minecraft:wooden_pickaxe":76,"minecraft:dirt":11,"minecraft:crafting_table":1,"minecraft:bread":11,"minecraft:stone_axe":500,"minecraft:wooden_sword":31,"minecraft:oak_sapling":28,"minecraft:yellow_bed":2,"minecraft:potato":2},"minecraft:picked_up":{"minecraft:crafting_table":2,"minecraft:wooden_pickaxe":1,"minecraft:potato":2,"minecraft:oak_log":155,"minecraft:yellow_bed":3,"minecraft:dirt":41,"minecraft:wooden_sword":2,"minecraft:iron_leggings":2,"minecraft:bone":4,"minecraft:apple":14,"minecraft:wheat_seeds":2,"minecraft:spruce_planks":13,"minecraft:iron_ingot":16,"minecraft:stone_pickaxe":2,"minecraft:calcite":384,"minecraft:poppy":2,"minecraft:light_gray_wool":2,"minecraft:oak_planks":68,"minecraft:iron_boots":2,"minecraft:stick":175,"minecraft:spruce_sapling":49,"minecraft:spruce_log":140,"minecraft:oak_wood":129,"minecraft:stone_sword":2,"minecraft:arrow":4,"minecraft:stone_axe":2,"minecraft:bread":59,"minecraft:oak_sapling":112,"minecraft:black_wool":2,"minecraft:mutton":32,"minecraft:coal":23,"minecraft:white_wool":24,"minecraft:cobblestone":69},"minecraft:crafted":{"minecraft:wooden_sword":2,"minecraft:oak_planks":4,"minecraft:crafting_table":1,"minecraft:spruce_planks":32,"minecraft:wooden_pickaxe":2,"minecraft:stone_axe":4,"minecraft:stone_pickaxe":2,"minecraft:stone_sword":2,"minecraft:iron_leggings":1},"minecraft:killed":{"minecraft:sheep":10,"minecraft:chicken":1},"minecraft:broken":{"minecraft:stone_axe":3,"minecraft:wooden_pickaxe":1}},"DataVersion":3955}