{"stats":{"minecraft:dropped":{"minecraft:iron_ingot":3,"minecraft:oak_log":129,"minecraft:oak_planks":50,"minecraft:stick":29,"minecraft:spruce_planks":37,"minecraft:oak_wood":129,"minecraft:spruce_log":165},"minecraft:mined":{"minecraft:spruce_planks":4,"minecraft:dandelion":2,"minecraft:crafting_table":1,"minecraft:short_grass":15,"minecraft:oak_wood":177,"minecraft:grass_block":8,"minecraft:poppy":1,"minecraft:spruce_leaves":23,"minecraft:oak_planks":4,"minecraft:large_fern":1,"minecraft:spruce_log":189,"minecraft:yellow_bed":1,"minecraft:coal_ore":16,"minecraft:oak_log":141,"minecraft:dirt":15,"minecraft:stone":50,"minecraft:white_wool":4,"minecraft:oak_leaves":5},"minecraft:killed_by":{"minecraft:iron_golem":1},"minecraft:custom":{"minecraft:mob_kills":13,"minecraft:traded_with_villager":3,"minecraft:interact_with_crafting_table":9,"minecraft:time_since_death":18397,"minecraft:sleep_in_bed":2,"minecraft:climb_one_cm":11976,"minecraft:time_since_rest":13642,"minecraft:sprint_one_cm":408954,"minecraft:damage_taken":612,"minecraft:walk_one_cm":325402,"minecraft:drop":15,"minecraft:damage_dealt":2675,"minecraft:talked_to_villager":3,"minecraft:swim_one_cm":22583,"minecraft:fly_one_cm":70870,"minecraft:open_chest":6,"minecraft:crouch_one_cm":2547,"minecraft:play_time":104306,"minecraft:deaths":1,"minecraft:sneak_time":1725,"minecraft:walk_under_water_one_cm":5030,"minecraft:jump":889,"minecraft:walk_on_water_one_cm":12319,"minecraft:total_world_time":104306,"minecraft:fall_one_cm":7234},"minecraft:used":{"minecraft:stone_sword":98,"minecraft:wooden_pickaxe":83,"minecraft:dirt":18,"minecraft:crafting_table":1,"minecraft:bread":15,"minecraft:stone_axe":538,"minecraft:wooden_sword":31,"minecraft:bow":2,"minecraft:oak_sapling":28,"minecraft:yellow_bed":2,"minecraft:potato":2},"minecraft:picked_up":{"minecraft:crafting_table":2,"minecraft:wooden_pickaxe":1,"minecraft:potato":2,"minecraft:oak_log":155,"minecraft:yellow_bed":3,"minecraft:dirt":45,"minecraft:wooden_sword":2,"minecraft:iron_leggings":2,"minecraft:bone":4,"minecraft:apple":14,"minecraft:diamond_leggings":1,"minecraft:wheat_seeds":2,"minecraft:spruce_planks":13,"minecraft:iron_ingot":27,"minecraft:stone_pickaxe":2,"minecraft:calcite":384,"minecraft:poppy":2,"minecraft:light_gray_wool":2,"minecraft:oak_planks":72,"minecraft:iron_boots":2,"minecraft:stick":181,"minecraft:spruce_sapling":65,"minecraft:spruce_log":173,"minecraft:oak_wood":129,"minecraft:stone_sword":2,"minecraft:arrow":4,"minecraft:stone_axe":2,"minecraft:bread":59,"minecraft:oak_sapling":112,"minecraft:black_wool":2,"minecraft:mutton":32,"minecraft:coal":27,"minecraft:white_wool":24,"minecraft:cobblestone":72},"minecraft:crafted":{"minecraft:wooden_sword":2,"minecraft:oak_planks":4,"minecraft:emerald":2,"minecraft:crafting_table":1,"minecraft:spruce_planks":32,"minecraft:wooden_pickaxe":2,"minecraft:stone_axe":4,"minecraft:bow":1,"minecraft:stone_pickaxe":2,"minecraft:stone_sword":2,"minecraft:iron_leggings":1},"minecraft:broken":{"minecraft:stone_axe":3,"minecraft:wooden_pickaxe":1},"minecraft:killed":{"minecraft:iron_golem":2,"minecraft:sheep":10,"minecraft:chicken":1}},"DataVersion":3955}