{"stats":{"minecraft:dropped":{"minecraft:oak_log":104,"minecraft:spruce_planks":37,"minecraft:oak_wood":129,"minecraft:oak_planks":50,"minecraft:spruce_log":23},"minecraft:mined":{"minecraft:spruce_log":37,"minecraft:dandelion":2,"minecraft:yellow_bed":1,"minecraft:crafting_table":1,"minecraft:short_grass":12,"minecraft:oak_wood":177,"minecraft:oak_log":141,"minecraft:grass_block":8,"minecraft:coal_ore":11,"minecraft:poppy":1,"minecraft:dirt":10,"minecraft:spruce_leaves":23,"minecraft:stone":46,"minecraft:white_wool":4,"minecraft:oak_leaves":5},"minecraft:used":{"minecraft:stone_sword":10,"minecraft:bread":11,"minecraft:wooden_pickaxe":74,"minecraft:stone_axe":377,"minecraft:wooden_sword":31,"minecraft:dirt":3,"minecraft:crafting_table":1,"minecraft:oak_sapling":28,"minecraft:yellow_bed":1,"minecraft:potato":2},"minecraft:picked_up":{"minecraft:stick":88,"minecraft:crafting_table":1,"minecraft:potato":2,"minecraft:oak_log":130,"minecraft:spruce_sapling":13,"minecraft:yellow_bed":2,"minecraft:spruce_log":31,"minecraft:dirt":23,"minecraft:iron_leggings":1,"minecraft:oak_wood":129,"minecraft:arrow":2,"minecraft:bone":2,"minecraft:apple":7,"minecraft:spruce_planks":5,"minecraft:iron_ingot":7,"minecraft:poppy":1,"minecraft:calcite":192,"minecraft:bread":35,"minecraft:light_gray_wool":1,"minecraft:oak_sapling":70,"minecraft:mutton":9,"minecraft:oak_planks":64,"minecraft:coal":11,"minecraft:iron_boots":1,"minecraft:white_wool":9,"minecraft:cobblestone":45},"minecraft:custom":{"minecraft:time_since_rest":2179,"minecraft:sprint_one_cm":285011,"minecraft:damage_taken":237,"minecraft:walk_one_cm":248716,"minecraft:mob_kills":7,"minecraft:drop":8,"minecraft:damage_dealt":559,"minecraft:swim_one_cm":9849,"minecraft:interact_with_crafting_table":5,"minecraft:fly_one_cm":54427,"minecraft:crouch_one_cm":2336,"minecraft:play_time":80306,"minecraft:sneak_time":937,"minecraft:walk_under_water_one_cm":3766,"minecraft:jump":683,"minecraft:sleep_in_bed":1,"minecraft:walk_on_water_one_cm":7826,"minecraft:time_since_death":80306,"minecraft:climb_one_cm":11976,"minecraft:total_world_time":80306,"minecraft:fall_one_cm":5777},"minecraft:crafted":{"minecraft:wooden_sword":2,"minecraft:oak_planks":4,"minecraft:crafting_table":1,"minecraft:spruce_planks":32,"minecraft:wooden_pickaxe":2,"minecraft:stone_pickaxe":2,"minecraft:stone_sword":2,"minecraft:stone_axe":4},"minecraft:broken":{"minecraft:stone_axe":2,"minecraft:wooden_pickaxe":1},"minecraft:killed":{"minecraft:sheep":6,"minecraft:chicken":1}},"DataVersion":3955}