{"stats":{"minecraft:mined":{"minecraft:grass_block":8,"minecraft:dirt":9,"minecraft:stone":42,"minecraft:spruce_log":8},"minecraft:used":{"minecraft:bread":3,"minecraft:wooden_pickaxe":59,"minecraft:potato":2},"minecraft:picked_up":{"minecraft:stick":31,"minecraft:bone":2,"minecraft:arrow":2,"minecraft:potato":2,"minecraft:calcite":192,"minecraft:bread":9,"minecraft:spruce_log":8,"minecraft:oak_planks":64,"minecraft:dirt":22,"minecraft:cobblestone":41},"minecraft:custom":{"minecraft:time_since_rest":32306,"minecraft:crouch_one_cm":528,"minecraft:play_time":32306,"minecraft:sprint_one_cm":91950,"minecraft:damage_taken":160,"minecraft:walk_one_cm":64694,"minecraft:sneak_time":310,"minecraft:walk_under_water_one_cm":2483,"minecraft:jump":309,"minecraft:time_since_death":32306,"minecraft:walk_on_water_one_cm":6235,"minecraft:total_world_time":32306,"minecraft:climb_one_cm":11976,"minecraft:swim_one_cm":5281,"minecraft:interact_with_crafting_table":3,"minecraft:fall_one_cm":3232,"minecraft:fly_one_cm":25656},"minecraft:crafted":{"minecraft:stone_sword":2,"minecraft:wooden_sword":2,"minecraft:stone_axe":2,"minecraft:spruce_planks":32,"minecraft:stone_pickaxe":2,"minecraft:wooden_pickaxe":2},"minecraft:broken":{"minecraft:wooden_pickaxe":1}},"DataVersion":3955}