{"stats":{"minecraft:dropped":{"minecraft:water_bucket":1,"minecraft:iron_ingot":36,"minecraft:bread":141,"minecraft:oak_log":5,"minecraft:diamond_leggings":1,"minecraft:leather":3,"minecraft:apple":1,"minecraft:dirt":33,"minecraft:torch":18,"minecraft:iron_leggings":2,"minecraft:iron_pickaxe":1,"minecraft:pink_petals":142,"minecraft:stone_axe":2,"minecraft:sweet_berries":1,"minecraft:oak_trapdoor":1,"minecraft:chicken":1,"minecraft:iron_boots":2,"minecraft:spruce_planks":1,"minecraft:oak_wood":49,"minecraft:yellow_bed":2},"minecraft:mined":{"minecraft:spruce_planks":61,"minecraft:white_bed":29,"minecraft:deepslate_diamond_ore":1,"minecraft:oak_door":1,"minecraft:cherry_log":16,"minecraft:glow_lichen":1,"minecraft:grass_block":36,"minecraft:spruce_leaves":15,"minecraft:composter":3,"minecraft:oak_wall_sign":4,"minecraft:large_fern":4,"minecraft:hay_block":40,"minecraft:oak_trapdoor":20,"minecraft:furnace":10,"minecraft:iron_ore":70,"minecraft:andesite":3,"minecraft:deepslate_lapis_ore":5,"minecraft:fletching_table":7,"minecraft:azure_bluet":3,"minecraft:bell":2,"minecraft:water_cauldron":4,"minecraft:dirt_path":4,"minecraft:deepslate_iron_ore":20,"minecraft:oak_sign":2,"minecraft:oak_stairs":1,"minecraft:stripped_oak_log":2,"minecraft:spruce_wood":9,"minecraft:azalea_leaves":1,"minecraft:stone":59,"minecraft:deepslate_redstone_ore":5,"minecraft:crafting_table":9,"minecraft:torch":4,"minecraft:short_grass":331,"minecraft:blast_furnace":4,"minecraft:emerald_ore":2,"minecraft:oak_wood":211,"minecraft:chest":1,"minecraft:tall_grass":46,"minecraft:deepslate_gold_ore":8,"minecraft:lapis_ore":4,"minecraft:sugar_cane":16,"minecraft:oak_planks":90,"minecraft:wall_torch":3,"minecraft:pink_petals":3,"minecraft:trapped_chest":2,"minecraft:wheat":9,"minecraft:sweet_berry_bush":6,"minecraft:spruce_log":384,"minecraft:yellow_bed":29,"minecraft:oak_log":234,"minecraft:coal_ore":93,"minecraft:cherry_leaves":2,"minecraft:gravel":68,"minecraft:sand":94,"minecraft:dirt":37,"minecraft:mangrove_log":5,"minecraft:oak_leaves":2,"minecraft:deepslate":23},"minecraft:custom":{"minecraft:mob_kills":42,"minecraft:interact_with_crafting_table":58,"minecraft:bell_ring":34,"minecraft:leave_game":9,"minecraft:time_since_death":405181,"minecraft:climb_one_cm":3238,"minecraft:sprint_one_cm":1080172,"minecraft:walk_one_cm":1138682,"minecraft:drop":37,"minecraft:talked_to_villager":120,"minecraft:play_time":405181,"minecraft:sneak_time":5144,"minecraft:walk_under_water_one_cm":24012,"minecraft:jump":4333,"minecraft:walk_on_water_one_cm":28550,"minecraft:total_world_time":405181,"minecraft:interact_with_furnace":79,"minecraft:traded_with_villager":215,"minecraft:sleep_in_bed":21,"minecraft:time_since_rest":1170,"minecraft:damage_taken":3741,"minecraft:trigger_trapped_chest":7,"minecraft:damage_dealt":13274,"minecraft:swim_one_cm":35653,"minecraft:player_kills":1,"minecraft:fly_one_cm":745575,"minecraft:open_chest":141,"minecraft:crouch_one_cm":13435,"minecraft:fall_one_cm":116736},"minecraft:picked_up":{"minecraft:crafting_table":9,"minecraft:wheat":8,"minecraft:azure_bluet":1,"minecraft:chicken":2,"minecraft:oak_stairs":1,"minecraft:oak_trapdoor":21,"minecraft:string":1,"minecraft:oak_sign":6,"minecraft:cobbled_deepslate":22,"minecraft:spruce_planks":92,"minecraft:beef":5,"minecraft:player_head":3,"minecraft:poppy":6,"minecraft:iron_pickaxe":1,"minecraft:light_gray_wool":1,"minecraft:sugar_cane":27,"minecraft:mangrove_log":5,"minecraft:furnace":10,"minecraft:egg":1,"minecraft:stick":155,"minecraft:raw_iron":90,"minecraft:composter":3,"minecraft:torch":10,"minecraft:porkchop":2,"minecraft:cherry_log":16,"minecraft:redstone":21,"minecraft:cauldron":4,"minecraft:arrow":5,"minecraft:rotten_flesh":2,"minecraft:hay_block":43,"minecraft:mutton":20,"minecraft:snowball":5,"minecraft:white_wool":10,"minecraft:cobblestone":60,"minecraft:stripped_oak_log":2,"minecraft:pink_petals":147,"minecraft:feather":1,"minecraft:cooked_beef":3,"minecraft:water_bucket":1,"minecraft:andesite":1,"minecraft:salmon":1,"minecraft:leather":4,"minecraft:flint":5,"minecraft:oak_log":324,"minecraft:yellow_bed":30,"minecraft:lapis_lazuli":54,"minecraft:dirt":66,"minecraft:bone":11,"minecraft:apple":10,"minecraft:bow":1,"minecraft:wheat_seeds":75,"minecraft:raw_gold":8,"minecraft:bell":2,"minecraft:spruce_wood":9,"minecraft:iron_ingot":18,"minecraft:fletching_table":7,"minecraft:oak_planks":129,"minecraft:sweet_berries":62,"minecraft:gravel":63,"minecraft:sand":91,"minecraft:spruce_sapling":59,"minecraft:blast_furnace":4,"minecraft:white_bed":29,"minecraft:spruce_log":562,"minecraft:oak_wood":269,"minecraft:diamond":1,"minecraft:stone_axe":2,"minecraft:cherry_sapling":4,"minecraft:bread":60,"minecraft:emerald":2,"minecraft:oak_sapling":111,"minecraft:black_wool":1,"minecraft:coal":137,"minecraft:hopper":1},"minecraft:used":{"minecraft:oak_trapdoor":29,"minecraft:iron_shovel":203,"minecraft:chest":9,"minecraft:spruce_planks":624,"minecraft:shield":2,"minecraft:bell":2,"minecraft:player_head":3,"minecraft:cooked_chicken":1,"minecraft:torch":121,"minecraft:dirt":11,"minecraft:oak_wood":1,"minecraft:golden_shovel":13,"minecraft:iron_hoe":57,"minecraft:wooden_axe":41,"minecraft:iron_axe":885,"minecraft:oak_stairs":1,"minecraft:iron_helmet":1,"minecraft:iron_boots":1,"minecraft:bow":1,"minecraft:sweet_berries":61,"minecraft:furnace":15,"minecraft:cooked_beef":6,"minecraft:iron_leggings":2,"minecraft:wheat_seeds":34,"minecraft:cooked_mutton":20,"minecraft:water_bucket":14,"minecraft:stone_pickaxe":131,"minecraft:oak_planks":431,"minecraft:wooden_pickaxe":7,"minecraft:cherry_planks":12,"minecraft:fletching_table":9,"minecraft:sugar_cane":2,"minecraft:crafting_table":12,"minecraft:blast_furnace":4,"minecraft:white_bed":26,"minecraft:spruce_log":4,"minecraft:oak_log":1,"minecraft:apple":23,"minecraft:bread":37,"minecraft:iron_pickaxe":204,"minecraft:gravel":53,"minecraft:stone_axe":541,"minecraft:pink_petals":5,"minecraft:cobblestone":2,"minecraft:bucket":15,"minecraft:yellow_bed":24,"minecraft:diamond_leggings":2,"minecraft:bone_meal":21},"minecraft:crafted":{"minecraft:cherry_planks":64,"minecraft:oak_planks":1672,"minecraft:cooked_chicken":1,"minecraft:furnace":5,"minecraft:bone_meal":21,"minecraft:cooked_mutton":20,"minecraft:oak_trapdoor":10,"minecraft:diamond_leggings":2,"minecraft:iron_boots":3,"minecraft:iron_axe":4,"minecraft:iron_hoe":1,"minecraft:stone_pickaxe":1,"minecraft:chest":9,"minecraft:wheat":387,"minecraft:cooked_beef":3,"minecraft:emerald":185,"minecraft:crafting_table":3,"minecraft:spruce_planks":2644,"minecraft:wooden_pickaxe":1,"minecraft:iron_helmet":1,"minecraft:golden_shovel":1,"minecraft:fletching_table":2,"minecraft:mangrove_planks":20,"minecraft:bucket":1,"minecraft:stone_axe":4,"minecraft:bread":131,"minecraft:air":0,"minecraft:iron_chestplate":1,"minecraft:shield":9,"minecraft:stick":6360,"minecraft:chainmail_boots":10,"minecraft:iron_ingot":86,"minecraft:iron_pickaxe":1,"minecraft:wooden_axe":1,"minecraft:iron_leggings":9,"minecraft:iron_shovel":3,"minecraft:gold_ingot":8,"minecraft:torch":144},"minecraft:broken":{"minecraft:stone_pickaxe":1,"minecraft:iron_axe":3,"minecraft:stone_axe":4},"minecraft:killed":{"minecraft:spider":1,"minecraft:skeleton":5,"minecraft:chicken":2,"minecraft:pig":1,"minecraft:salmon":1,"minecraft:iron_golem":8,"minecraft:sheep":12,"minecraft:zombie":5,"minecraft:villager":2,"minecraft:enderman":2,"minecraft:cow":3}},"DataVersion":3955}