{"stats":{"minecraft:killed":{"minecraft:spider":1,"minecraft:skeleton":5,"minecraft:chicken":1,"minecraft:pig":1,"minecraft:salmon":1,"minecraft:iron_golem":1,"minecraft:sheep":12,"minecraft:zombie":4,"minecraft:enderman":2,"minecraft:cow":3},"minecraft:broken":{"minecraft:stone_pickaxe":1,"minecraft:iron_axe":3,"minecraft:stone_axe":2},"minecraft:dropped":{"minecraft:iron_ingot":25,"minecraft:bread":2,"minecraft:leather":3,"minecraft:apple":1,"minecraft:dirt":33,"minecraft:torch":18,"minecraft:iron_pickaxe":1,"minecraft:pink_petals":142,"minecraft:sweet_berries":1,"minecraft:spruce_planks":1,"minecraft:oak_wood":49},"minecraft:mined":{"minecraft:spruce_planks":12,"minecraft:white_bed":10,"minecraft:deepslate_diamond_ore":1,"minecraft:cherry_log":16,"minecraft:glow_lichen":1,"minecraft:grass_block":32,"minecraft:spruce_leaves":15,"minecraft:composter":2,"minecraft:oak_wall_sign":4,"minecraft:large_fern":4,"minecraft:hay_block":40,"minecraft:oak_trapdoor":9,"minecraft:furnace":10,"minecraft:iron_ore":70,"minecraft:andesite":3,"minecraft:deepslate_lapis_ore":5,"minecraft:fletching_table":4,"minecraft:azure_bluet":2,"minecraft:bell":2,"minecraft:dirt_path":3,"minecraft:deepslate_iron_ore":20,"minecraft:oak_sign":2,"minecraft:spruce_wood":9,"minecraft:azalea_leaves":1,"minecraft:stone":38,"minecraft:deepslate_redstone_ore":5,"minecraft:crafting_table":9,"minecraft:torch":4,"minecraft:short_grass":150,"minecraft:blast_furnace":2,"minecraft:emerald_ore":2,"minecraft:oak_wood":211,"minecraft:chest":1,"minecraft:tall_grass":9,"minecraft:deepslate_gold_ore":8,"minecraft:lapis_ore":4,"minecraft:sugar_cane":16,"minecraft:oak_planks":90,"minecraft:wall_torch":2,"minecraft:pink_petals":3,"minecraft:trapped_chest":2,"minecraft:wheat":9,"minecraft:sweet_berry_bush":6,"minecraft:spruce_log":343,"minecraft:yellow_bed":16,"minecraft:oak_log":229,"minecraft:coal_ore":93,"minecraft:cherry_leaves":2,"minecraft:gravel":68,"minecraft:sand":94,"minecraft:dirt":37,"minecraft:mangrove_log":5,"minecraft:oak_leaves":2,"minecraft:deepslate":23},"minecraft:crafted":{"minecraft:cherry_planks":64,"minecraft:oak_planks":632,"minecraft:cooked_chicken":1,"minecraft:furnace":3,"minecraft:bone_meal":21,"minecraft:cooked_mutton":20,"minecraft:oak_trapdoor":10,"minecraft:iron_boots":1,"minecraft:iron_axe":3,"minecraft:iron_hoe":1,"minecraft:stone_pickaxe":1,"minecraft:chest":7,"minecraft:wheat":225,"minecraft:cooked_beef":3,"minecraft:crafting_table":3,"minecraft:spruce_planks":480,"minecraft:wooden_pickaxe":1,"minecraft:iron_helmet":1,"minecraft:golden_shovel":1,"minecraft:fletching_table":2,"minecraft:mangrove_planks":20,"minecraft:bucket":1,"minecraft:stone_axe":3,"minecraft:bread":77,"minecraft:air":0,"minecraft:iron_chestplate":1,"minecraft:shield":1,"minecraft:stick":156,"minecraft:iron_ingot":86,"minecraft:iron_pickaxe":1,"minecraft:wooden_axe":1,"minecraft:iron_leggings":1,"minecraft:iron_shovel":3,"minecraft:gold_ingot":8,"minecraft:torch":144},"minecraft:custom":{"minecraft:mob_kills":31,"minecraft:interact_with_crafting_table":45,"minecraft:bell_ring":6,"minecraft:leave_game":9,"minecraft:time_since_death":287132,"minecraft:climb_one_cm":436,"minecraft:sprint_one_cm":712892,"minecraft:walk_one_cm":819155,"minecraft:drop":16,"minecraft:talked_to_villager":70,"minecraft:play_time":287132,"minecraft:sneak_time":3033,"minecraft:walk_under_water_one_cm":23478,"minecraft:jump":2965,"minecraft:walk_on_water_one_cm":24152,"minecraft:total_world_time":287132,"minecraft:interact_with_furnace":77,"minecraft:sleep_in_bed":8,"minecraft:time_since_rest":13612,"minecraft:damage_taken":3341,"minecraft:trigger_trapped_chest":7,"minecraft:damage_dealt":5637,"minecraft:swim_one_cm":26751,"minecraft:player_kills":1,"minecraft:fly_one_cm":424977,"minecraft:open_chest":115,"minecraft:crouch_one_cm":11207,"minecraft:fall_one_cm":79629},"minecraft:used":{"minecraft:oak_trapdoor":19,"minecraft:iron_shovel":203,"minecraft:chest":7,"minecraft:spruce_planks":330,"minecraft:shield":2,"minecraft:bell":2,"minecraft:player_head":3,"minecraft:cooked_chicken":1,"minecraft:torch":121,"minecraft:dirt":9,"minecraft:oak_wood":1,"minecraft:golden_shovel":10,"minecraft:iron_hoe":57,"minecraft:wooden_axe":41,"minecraft:iron_axe":821,"minecraft:iron_helmet":1,"minecraft:iron_boots":1,"minecraft:bow":1,"minecraft:sweet_berries":61,"minecraft:furnace":13,"minecraft:cooked_beef":6,"minecraft:iron_leggings":1,"minecraft:wheat_seeds":34,"minecraft:cooked_mutton":20,"minecraft:water_bucket":10,"minecraft:stone_pickaxe":131,"minecraft:oak_planks":423,"minecraft:wooden_pickaxe":7,"minecraft:cherry_planks":12,"minecraft:fletching_table":6,"minecraft:sugar_cane":2,"minecraft:crafting_table":12,"minecraft:blast_furnace":2,"minecraft:white_bed":7,"minecraft:spruce_log":4,"minecraft:oak_log":1,"minecraft:apple":23,"minecraft:bread":14,"minecraft:iron_pickaxe":170,"minecraft:gravel":53,"minecraft:stone_axe":306,"minecraft:pink_petals":5,"minecraft:bucket":11,"minecraft:yellow_bed":14,"minecraft:bone_meal":21},"minecraft:picked_up":{"minecraft:crafting_table":9,"minecraft:wheat":8,"minecraft:chicken":1,"minecraft:oak_trapdoor":9,"minecraft:string":1,"minecraft:oak_sign":6,"minecraft:cobbled_deepslate":22,"minecraft:spruce_planks":12,"minecraft:beef":5,"minecraft:player_head":3,"minecraft:poppy":2,"minecraft:iron_pickaxe":1,"minecraft:light_gray_wool":1,"minecraft:sugar_cane":27,"minecraft:mangrove_log":5,"minecraft:furnace":10,"minecraft:egg":1,"minecraft:stick":100,"minecraft:raw_iron":90,"minecraft:composter":2,"minecraft:torch":9,"minecraft:porkchop":2,"minecraft:cherry_log":16,"minecraft:redstone":21,"minecraft:arrow":5,"minecraft:rotten_flesh":2,"minecraft:hay_block":43,"minecraft:mutton":20,"minecraft:snowball":5,"minecraft:white_wool":10,"minecraft:cobblestone":39,"minecraft:pink_petals":147,"minecraft:feather":1,"minecraft:cooked_beef":3,"minecraft:andesite":1,"minecraft:salmon":1,"minecraft:leather":4,"minecraft:flint":5,"minecraft:oak_log":190,"minecraft:yellow_bed":16,"minecraft:lapis_lazuli":54,"minecraft:dirt":64,"minecraft:bone":11,"minecraft:apple":10,"minecraft:bow":1,"minecraft:wheat_seeds":40,"minecraft:raw_gold":8,"minecraft:bell":2,"minecraft:spruce_wood":9,"minecraft:iron_ingot":6,"minecraft:fletching_table":4,"minecraft:oak_planks":79,"minecraft:sweet_berries":62,"minecraft:gravel":63,"minecraft:sand":91,"minecraft:spruce_sapling":49,"minecraft:blast_furnace":2,"minecraft:white_bed":10,"minecraft:spruce_log":300,"minecraft:oak_wood":140,"minecraft:diamond":1,"minecraft:cherry_sapling":4,"minecraft:emerald":2,"minecraft:oak_sapling":110,"minecraft:black_wool":1,"minecraft:coal":137,"minecraft:hopper":1}},"DataVersion":3955}