{"stats":{"minecraft:mined":{"minecraft:deepslate_redstone_ore":5,"minecraft:spruce_planks":9,"minecraft:deepslate_diamond_ore":1,"minecraft:cherry_log":16,"minecraft:crafting_table":6,"minecraft:glow_lichen":1,"minecraft:torch":1,"minecraft:short_grass":5,"minecraft:emerald_ore":1,"minecraft:grass_block":1,"minecraft:spruce_leaves":1,"minecraft:lapis_ore":4,"minecraft:deepslate_gold_ore":8,"minecraft:sugar_cane":4,"minecraft:pink_petals":2,"minecraft:furnace":8,"minecraft:iron_ore":52,"minecraft:sweet_berry_bush":6,"minecraft:spruce_log":36,"minecraft:andesite":1,"minecraft:deepslate_lapis_ore":5,"minecraft:coal_ore":66,"minecraft:deepslate_iron_ore":20,"minecraft:cherry_leaves":2,"minecraft:sand":94,"minecraft:dirt":33,"minecraft:mangrove_log":5,"minecraft:spruce_wood":9,"minecraft:azalea_leaves":1,"minecraft:stone":23,"minecraft:deepslate":23},"minecraft:broken":{"minecraft:stone_pickaxe":1},"minecraft:picked_up":{"minecraft:crafting_table":6,"minecraft:cooked_beef":3,"minecraft:andesite":1,"minecraft:salmon":1,"minecraft:dirt":35,"minecraft:lapis_lazuli":54,"minecraft:bone":2,"minecraft:cobbled_deepslate":22,"minecraft:raw_gold":8,"minecraft:spruce_planks":9,"minecraft:spruce_wood":9,"minecraft:iron_ingot":1,"minecraft:light_gray_wool":1,"minecraft:sugar_cane":12,"minecraft:mangrove_log":5,"minecraft:furnace":8,"minecraft:stick":5,"minecraft:raw_iron":72,"minecraft:sweet_berries":62,"minecraft:torch":1,"minecraft:sand":91,"minecraft:cherry_log":16,"minecraft:spruce_sapling":5,"minecraft:spruce_log":36,"minecraft:redstone":21,"minecraft:arrow":4,"minecraft:rotten_flesh":2,"minecraft:diamond":1,"minecraft:hay_block":3,"minecraft:cherry_sapling":4,"minecraft:emerald":1,"minecraft:black_wool":1,"minecraft:snowball":5,"minecraft:mutton":20,"minecraft:coal":81,"minecraft:white_wool":10,"minecraft:cobblestone":22},"minecraft:custom":{"minecraft:interact_with_furnace":55,"minecraft:mob_kills":23,"minecraft:interact_with_crafting_table":15,"minecraft:leave_game":1,"minecraft:time_since_death":99011,"minecraft:climb_one_cm":12,"minecraft:time_since_rest":99011,"minecraft:sprint_one_cm":212121,"minecraft:damage_taken":2063,"minecraft:walk_one_cm":233536,"minecraft:drop":4,"minecraft:damage_dealt":3690,"minecraft:swim_one_cm":18526,"minecraft:player_kills":1,"minecraft:fly_one_cm":159819,"minecraft:open_chest":34,"minecraft:crouch_one_cm":904,"minecraft:play_time":99011,"minecraft:sneak_time":810,"minecraft:walk_under_water_one_cm":19357,"minecraft:jump":1140,"minecraft:walk_on_water_one_cm":14569,"minecraft:total_world_time":99011,"minecraft:fall_one_cm":32370},"minecraft:used":{"minecraft:cooked_mutton":8,"minecraft:water_bucket":2,"minecraft:iron_shovel":128,"minecraft:stone_pickaxe":131,"minecraft:spruce_planks":58,"minecraft:chest":3,"minecraft:shield":2,"minecraft:wooden_pickaxe":5,"minecraft:cherry_planks":12,"minecraft:torch":79,"minecraft:dirt":1,"minecraft:crafting_table":7,"minecraft:wooden_axe":41,"minecraft:iron_axe":93,"minecraft:bread":9,"minecraft:iron_pickaxe":85,"minecraft:iron_helmet":1,"minecraft:iron_boots":1,"minecraft:sweet_berries":61,"minecraft:furnace":10,"minecraft:bucket":3,"minecraft:cooked_beef":3,"minecraft:iron_leggings":1},"minecraft:crafted":{"minecraft:cherry_planks":64,"minecraft:crafting_table":2,"minecraft:spruce_planks":112,"minecraft:wooden_pickaxe":1,"minecraft:iron_helmet":1,"minecraft:furnace":2,"minecraft:mangrove_planks":20,"minecraft:bucket":1,"minecraft:cooked_mutton":20,"minecraft:bread":9,"minecraft:air":0,"minecraft:iron_chestplate":1,"minecraft:iron_boots":1,"minecraft:shield":1,"minecraft:iron_axe":1,"minecraft:stick":120,"minecraft:iron_ingot":71,"minecraft:iron_pickaxe":1,"minecraft:stone_pickaxe":1,"minecraft:wooden_axe":1,"minecraft:chest":3,"minecraft:iron_leggings":1,"minecraft:iron_shovel":3,"minecraft:gold_ingot":8,"minecraft:torch":144,"minecraft:wheat":27},"minecraft:killed":{"minecraft:salmon":1,"minecraft:sheep":12,"minecraft:skeleton":4,"minecraft:zombie":4,"minecraft:enderman":2},"minecraft:dropped":{"minecraft:sweet_berries":1,"minecraft:dirt":33,"minecraft:torch":18,"minecraft:spruce_planks":1}},"DataVersion":3955}