{"stats":{"minecraft:killed":{"minecraft:spider":1,"minecraft:skeleton":5,"minecraft:chicken":1,"minecraft:pig":1,"minecraft:salmon":1,"minecraft:sheep":12,"minecraft:zombie":4,"minecraft:enderman":2,"minecraft:cow":2},"minecraft:crafted":{"minecraft:cherry_planks":64,"minecraft:oak_planks":632,"minecraft:cooked_chicken":1,"minecraft:furnace":3,"minecraft:bone_meal":21,"minecraft:cooked_mutton":20,"minecraft:oak_trapdoor":10,"minecraft:iron_boots":1,"minecraft:iron_axe":3,"minecraft:iron_hoe":1,"minecraft:stone_pickaxe":1,"minecraft:chest":7,"minecraft:wheat":27,"minecraft:cooked_beef":3,"minecraft:crafting_table":3,"minecraft:spruce_planks":164,"minecraft:wooden_pickaxe":1,"minecraft:iron_helmet":1,"minecraft:golden_shovel":1,"minecraft:fletching_table":2,"minecraft:mangrove_planks":20,"minecraft:bucket":1,"minecraft:stone_axe":1,"minecraft:bread":11,"minecraft:air":0,"minecraft:iron_chestplate":1,"minecraft:shield":1,"minecraft:stick":156,"minecraft:iron_pickaxe":1,"minecraft:iron_ingot":86,"minecraft:wooden_axe":1,"minecraft:iron_leggings":1,"minecraft:iron_shovel":3,"minecraft:gold_ingot":8,"minecraft:torch":144},"minecraft:broken":{"minecraft:stone_pickaxe":1,"minecraft:iron_axe":3},"minecraft:dropped":{"minecraft:iron_ingot":25,"minecraft:bread":2,"minecraft:leather":3,"minecraft:apple":1,"minecraft:dirt":33,"minecraft:torch":18,"minecraft:iron_pickaxe":1,"minecraft:pink_petals":142,"minecraft:sweet_berries":1,"minecraft:oak_wood":49,"minecraft:spruce_planks":1},"minecraft:custom":{"minecraft:mob_kills":29,"minecraft:interact_with_crafting_table":43,"minecraft:bell_ring":6,"minecraft:leave_game":4,"minecraft:time_since_death":258238,"minecraft:climb_one_cm":436,"minecraft:sprint_one_cm":598561,"minecraft:walk_one_cm":747691,"minecraft:drop":16,"minecraft:talked_to_villager":69,"minecraft:play_time":258238,"minecraft:sneak_time":1787,"minecraft:walk_under_water_one_cm":22862,"minecraft:jump":2619,"minecraft:walk_on_water_one_cm":23488,"minecraft:total_world_time":258238,"minecraft:interact_with_furnace":77,"minecraft:sleep_in_bed":7,"minecraft:time_since_rest":12093,"minecraft:damage_taken":3211,"minecraft:trigger_trapped_chest":7,"minecraft:damage_dealt":4518,"minecraft:swim_one_cm":26751,"minecraft:fly_one_cm":366473,"minecraft:player_kills":1,"minecraft:open_chest":113,"minecraft:crouch_one_cm":6171,"minecraft:fall_one_cm":70564},"minecraft:picked_up":{"minecraft:crafting_table":8,"minecraft:wheat":8,"minecraft:chicken":1,"minecraft:oak_trapdoor":9,"minecraft:string":1,"minecraft:oak_sign":6,"minecraft:cobbled_deepslate":22,"minecraft:spruce_planks":12,"minecraft:beef":3,"minecraft:player_head":3,"minecraft:iron_pickaxe":1,"minecraft:light_gray_wool":1,"minecraft:sugar_cane":27,"minecraft:mangrove_log":5,"minecraft:furnace":10,"minecraft:egg":1,"minecraft:stick":62,"minecraft:raw_iron":87,"minecraft:composter":2,"minecraft:torch":8,"minecraft:porkchop":2,"minecraft:cherry_log":16,"minecraft:redstone":21,"minecraft:arrow":5,"minecraft:rotten_flesh":2,"minecraft:hay_block":3,"minecraft:mutton":20,"minecraft:snowball":5,"minecraft:white_wool":10,"minecraft:cobblestone":34,"minecraft:pink_petals":147,"minecraft:feather":1,"minecraft:cooked_beef":3,"minecraft:andesite":1,"minecraft:salmon":1,"minecraft:leather":3,"minecraft:flint":5,"minecraft:oak_log":190,"minecraft:yellow_bed":16,"minecraft:lapis_lazuli":54,"minecraft:dirt":58,"minecraft:bone":11,"minecraft:apple":10,"minecraft:bow":1,"minecraft:wheat_seeds":36,"minecraft:raw_gold":8,"minecraft:bell":2,"minecraft:spruce_wood":9,"minecraft:iron_ingot":1,"minecraft:fletching_table":4,"minecraft:oak_planks":75,"minecraft:sweet_berries":62,"minecraft:gravel":63,"minecraft:sand":91,"minecraft:spruce_sapling":9,"minecraft:blast_furnace":2,"minecraft:white_bed":10,"minecraft:spruce_log":61,"minecraft:oak_wood":140,"minecraft:diamond":1,"minecraft:cherry_sapling":4,"minecraft:emerald":2,"minecraft:oak_sapling":110,"minecraft:black_wool":1,"minecraft:coal":137,"minecraft:hopper":1},"minecraft:used":{"minecraft:oak_trapdoor":19,"minecraft:iron_shovel":203,"minecraft:chest":7,"minecraft:spruce_planks":116,"minecraft:shield":2,"minecraft:bell":2,"minecraft:player_head":3,"minecraft:cooked_chicken":1,"minecraft:torch":119,"minecraft:dirt":9,"minecraft:oak_wood":1,"minecraft:golden_shovel":2,"minecraft:iron_hoe":14,"minecraft:wooden_axe":41,"minecraft:iron_axe":821,"minecraft:iron_helmet":1,"minecraft:iron_boots":1,"minecraft:sweet_berries":61,"minecraft:furnace":13,"minecraft:cooked_beef":6,"minecraft:iron_leggings":1,"minecraft:wheat_seeds":34,"minecraft:cooked_mutton":20,"minecraft:water_bucket":10,"minecraft:stone_pickaxe":131,"minecraft:oak_planks":405,"minecraft:wooden_pickaxe":7,"minecraft:cherry_planks":12,"minecraft:sugar_cane":2,"minecraft:fletching_table":6,"minecraft:crafting_table":10,"minecraft:blast_furnace":2,"minecraft:white_bed":7,"minecraft:spruce_log":4,"minecraft:oak_log":1,"minecraft:apple":21,"minecraft:bread":9,"minecraft:iron_pickaxe":160,"minecraft:gravel":53,"minecraft:stone_axe":1,"minecraft:pink_petals":5,"minecraft:bucket":11,"minecraft:yellow_bed":14,"minecraft:bone_meal":21},"minecraft:mined":{"minecraft:spruce_planks":12,"minecraft:white_bed":10,"minecraft:deepslate_diamond_ore":1,"minecraft:cherry_log":16,"minecraft:glow_lichen":1,"minecraft:grass_block":24,"minecraft:spruce_leaves":15,"minecraft:composter":2,"minecraft:oak_wall_sign":4,"minecraft:large_fern":2,"minecraft:oak_trapdoor":9,"minecraft:furnace":10,"minecraft:iron_ore":67,"minecraft:andesite":3,"minecraft:deepslate_lapis_ore":5,"minecraft:fletching_table":4,"minecraft:azure_bluet":2,"minecraft:bell":2,"minecraft:dirt_path":2,"minecraft:oak_sign":2,"minecraft:deepslate_iron_ore":20,"minecraft:spruce_wood":9,"minecraft:azalea_leaves":1,"minecraft:stone":33,"minecraft:deepslate_redstone_ore":5,"minecraft:crafting_table":8,"minecraft:torch":3,"minecraft:short_grass":101,"minecraft:blast_furnace":2,"minecraft:emerald_ore":2,"minecraft:oak_wood":211,"minecraft:chest":1,"minecraft:tall_grass":6,"minecraft:deepslate_gold_ore":8,"minecraft:lapis_ore":4,"minecraft:sugar_cane":16,"minecraft:oak_planks":86,"minecraft:wall_torch":2,"minecraft:pink_petals":3,"minecraft:trapped_chest":2,"minecraft:wheat":9,"minecraft:sweet_berry_bush":6,"minecraft:spruce_log":73,"minecraft:yellow_bed":16,"minecraft:coal_ore":92,"minecraft:oak_log":229,"minecraft:cherry_leaves":2,"minecraft:gravel":68,"minecraft:sand":94,"minecraft:dirt":36,"minecraft:mangrove_log":5,"minecraft:oak_leaves":2,"minecraft:deepslate":23}},"DataVersion":3955}