{"stats":{"minecraft:broken":{"minecraft:stone_pickaxe":1},"minecraft:picked_up":{"minecraft:pink_petals":147,"minecraft:crafting_table":7,"minecraft:cooked_beef":3,"minecraft:andesite":1,"minecraft:salmon":1,"minecraft:leather":3,"minecraft:dirt":38,"minecraft:lapis_lazuli":54,"minecraft:bone":4,"minecraft:bow":1,"minecraft:cobbled_deepslate":22,"minecraft:raw_gold":8,"minecraft:spruce_planks":10,"minecraft:spruce_wood":9,"minecraft:beef":3,"minecraft:iron_ingot":1,"minecraft:light_gray_wool":1,"minecraft:sugar_cane":12,"minecraft:mangrove_log":5,"minecraft:furnace":8,"minecraft:stick":5,"minecraft:raw_iron":87,"minecraft:sweet_berries":62,"minecraft:torch":7,"minecraft:sand":91,"minecraft:cherry_log":16,"minecraft:spruce_sapling":7,"minecraft:blast_furnace":1,"minecraft:spruce_log":49,"minecraft:redstone":21,"minecraft:arrow":5,"minecraft:rotten_flesh":2,"minecraft:diamond":1,"minecraft:hay_block":3,"minecraft:cherry_sapling":4,"minecraft:emerald":2,"minecraft:hopper":1,"minecraft:black_wool":1,"minecraft:snowball":5,"minecraft:mutton":20,"minecraft:coal":99,"minecraft:cobblestone":34,"minecraft:white_wool":10},"minecraft:crafted":{"minecraft:cherry_planks":64,"minecraft:crafting_table":2,"minecraft:spruce_planks":112,"minecraft:wooden_pickaxe":1,"minecraft:iron_helmet":1,"minecraft:furnace":2,"minecraft:mangrove_planks":20,"minecraft:bucket":1,"minecraft:cooked_mutton":20,"minecraft:bread":9,"minecraft:air":0,"minecraft:iron_chestplate":1,"minecraft:iron_boots":1,"minecraft:shield":1,"minecraft:iron_axe":1,"minecraft:stick":120,"minecraft:iron_ingot":86,"minecraft:iron_pickaxe":1,"minecraft:stone_pickaxe":1,"minecraft:wooden_axe":1,"minecraft:chest":4,"minecraft:iron_leggings":1,"minecraft:iron_shovel":3,"minecraft:gold_ingot":8,"minecraft:torch":144,"minecraft:wheat":27},"minecraft:killed":{"minecraft:salmon":1,"minecraft:sheep":12,"minecraft:skeleton":5,"minecraft:zombie":4,"minecraft:cow":2,"minecraft:enderman":2},"minecraft:custom":{"minecraft:interact_with_furnace":64,"minecraft:mob_kills":26,"minecraft:interact_with_crafting_table":16,"minecraft:leave_game":2,"minecraft:time_since_death":134422,"minecraft:climb_one_cm":436,"minecraft:time_since_rest":134422,"minecraft:sprint_one_cm":318434,"minecraft:damage_taken":2511,"minecraft:walk_one_cm":322081,"minecraft:drop":11,"minecraft:damage_dealt":4161,"minecraft:swim_one_cm":25459,"minecraft:player_kills":1,"minecraft:fly_one_cm":214836,"minecraft:open_chest":46,"minecraft:crouch_one_cm":2114,"minecraft:play_time":134422,"minecraft:sneak_time":1246,"minecraft:walk_under_water_one_cm":22033,"minecraft:jump":1553,"minecraft:walk_on_water_one_cm":20846,"minecraft:total_world_time":134422,"minecraft:fall_one_cm":48956},"minecraft:dropped":{"minecraft:iron_ingot":25,"minecraft:sweet_berries":1,"minecraft:dirt":33,"minecraft:torch":18,"minecraft:spruce_planks":1,"minecraft:pink_petals":142},"minecraft:mined":{"minecraft:deepslate_redstone_ore":5,"minecraft:spruce_planks":10,"minecraft:deepslate_diamond_ore":1,"minecraft:cherry_log":16,"minecraft:crafting_table":7,"minecraft:glow_lichen":1,"minecraft:torch":3,"minecraft:short_grass":7,"minecraft:blast_furnace":1,"minecraft:emerald_ore":2,"minecraft:grass_block":7,"minecraft:chest":1,"minecraft:spruce_leaves":11,"minecraft:lapis_ore":4,"minecraft:deepslate_gold_ore":8,"minecraft:sugar_cane":4,"minecraft:wall_torch":1,"minecraft:pink_petals":3,"minecraft:furnace":8,"minecraft:iron_ore":67,"minecraft:sweet_berry_bush":6,"minecraft:spruce_log":49,"minecraft:andesite":3,"minecraft:deepslate_lapis_ore":5,"minecraft:azure_bluet":2,"minecraft:coal_ore":84,"minecraft:deepslate_iron_ore":20,"minecraft:cherry_leaves":2,"minecraft:sand":94,"minecraft:dirt":33,"minecraft:mangrove_log":5,"minecraft:spruce_wood":9,"minecraft:azalea_leaves":1,"minecraft:stone":33,"minecraft:deepslate":23},"minecraft:used":{"minecraft:cooked_mutton":19,"minecraft:water_bucket":5,"minecraft:iron_shovel":128,"minecraft:stone_pickaxe":131,"minecraft:spruce_planks":61,"minecraft:chest":4,"minecraft:shield":2,"minecraft:wooden_pickaxe":5,"minecraft:cherry_planks":12,"minecraft:torch":113,"minecraft:dirt":3,"minecraft:crafting_table":8,"minecraft:wooden_axe":41,"minecraft:iron_axe":127,"minecraft:bread":9,"minecraft:iron_pickaxe":132,"minecraft:iron_helmet":1,"minecraft:iron_boots":1,"minecraft:pink_petals":5,"minecraft:sweet_berries":61,"minecraft:furnace":10,"minecraft:bucket":6,"minecraft:cooked_beef":3,"minecraft:iron_leggings":1}},"DataVersion":3955}