{"stats":{"minecraft:broken":{"minecraft:stone_pickaxe":1,"minecraft:iron_axe":2},"minecraft:picked_up":{"minecraft:crafting_table":7,"minecraft:chicken":1,"minecraft:oak_trapdoor":9,"minecraft:cobbled_deepslate":22,"minecraft:spruce_planks":12,"minecraft:beef":3,"minecraft:player_head":3,"minecraft:light_gray_wool":1,"minecraft:sugar_cane":12,"minecraft:mangrove_log":5,"minecraft:furnace":8,"minecraft:egg":1,"minecraft:stick":49,"minecraft:raw_iron":87,"minecraft:composter":2,"minecraft:torch":7,"minecraft:cherry_log":16,"minecraft:redstone":21,"minecraft:arrow":5,"minecraft:rotten_flesh":2,"minecraft:hay_block":3,"minecraft:mutton":20,"minecraft:snowball":5,"minecraft:white_wool":10,"minecraft:cobblestone":34,"minecraft:pink_petals":147,"minecraft:feather":1,"minecraft:cooked_beef":3,"minecraft:andesite":1,"minecraft:salmon":1,"minecraft:leather":3,"minecraft:oak_log":132,"minecraft:yellow_bed":16,"minecraft:lapis_lazuli":54,"minecraft:dirt":40,"minecraft:bone":4,"minecraft:apple":7,"minecraft:bow":1,"minecraft:raw_gold":8,"minecraft:bell":2,"minecraft:spruce_wood":9,"minecraft:iron_ingot":1,"minecraft:oak_planks":29,"minecraft:sweet_berries":62,"minecraft:sand":91,"minecraft:spruce_sapling":7,"minecraft:blast_furnace":1,"minecraft:white_bed":10,"minecraft:spruce_log":49,"minecraft:oak_wood":128,"minecraft:diamond":1,"minecraft:cherry_sapling":4,"minecraft:emerald":2,"minecraft:oak_sapling":80,"minecraft:black_wool":1,"minecraft:coal":99,"minecraft:hopper":1},"minecraft:crafted":{"minecraft:cherry_planks":64,"minecraft:oak_planks":376,"minecraft:cooked_chicken":1,"minecraft:furnace":3,"minecraft:cooked_mutton":20,"minecraft:oak_trapdoor":10,"minecraft:iron_boots":1,"minecraft:iron_axe":3,"minecraft:stone_pickaxe":1,"minecraft:chest":6,"minecraft:wheat":27,"minecraft:cooked_beef":3,"minecraft:crafting_table":2,"minecraft:spruce_planks":164,"minecraft:wooden_pickaxe":1,"minecraft:iron_helmet":1,"minecraft:mangrove_planks":20,"minecraft:bucket":1,"minecraft:bread":9,"minecraft:air":0,"minecraft:iron_chestplate":1,"minecraft:shield":1,"minecraft:stick":156,"minecraft:iron_ingot":86,"minecraft:iron_pickaxe":1,"minecraft:wooden_axe":1,"minecraft:gold_ingot":8,"minecraft:iron_leggings":1,"minecraft:iron_shovel":3,"minecraft:torch":144},"minecraft:killed":{"minecraft:skeleton":5,"minecraft:chicken":1,"minecraft:salmon":1,"minecraft:sheep":12,"minecraft:zombie":4,"minecraft:enderman":2,"minecraft:cow":2},"minecraft:custom":{"minecraft:mob_kills":27,"minecraft:interact_with_crafting_table":23,"minecraft:bell_ring":6,"minecraft:leave_game":3,"minecraft:time_since_death":176197,"minecraft:climb_one_cm":436,"minecraft:sprint_one_cm":408061,"minecraft:walk_one_cm":504214,"minecraft:drop":12,"minecraft:play_time":176197,"minecraft:sneak_time":1394,"minecraft:walk_under_water_one_cm":22631,"minecraft:jump":1879,"minecraft:walk_on_water_one_cm":21790,"minecraft:total_world_time":176197,"minecraft:interact_with_furnace":72,"minecraft:sleep_in_bed":4,"minecraft:time_since_rest":831,"minecraft:damage_taken":2679,"minecraft:trigger_trapped_chest":7,"minecraft:damage_dealt":4221,"minecraft:swim_one_cm":25459,"minecraft:fly_one_cm":263972,"minecraft:player_kills":1,"minecraft:open_chest":55,"minecraft:crouch_one_cm":3316,"minecraft:fall_one_cm":55912},"minecraft:dropped":{"minecraft:iron_ingot":25,"minecraft:leather":3,"minecraft:dirt":33,"minecraft:torch":18,"minecraft:pink_petals":142,"minecraft:sweet_berries":1,"minecraft:spruce_planks":1},"minecraft:mined":{"minecraft:spruce_planks":12,"minecraft:white_bed":10,"minecraft:deepslate_diamond_ore":1,"minecraft:cherry_log":16,"minecraft:glow_lichen":1,"minecraft:grass_block":9,"minecraft:spruce_leaves":11,"minecraft:composter":2,"minecraft:oak_trapdoor":9,"minecraft:furnace":8,"minecraft:iron_ore":67,"minecraft:andesite":3,"minecraft:deepslate_lapis_ore":5,"minecraft:azure_bluet":2,"minecraft:bell":2,"minecraft:deepslate_iron_ore":20,"minecraft:spruce_wood":9,"minecraft:azalea_leaves":1,"minecraft:stone":33,"minecraft:deepslate_redstone_ore":5,"minecraft:crafting_table":7,"minecraft:torch":3,"minecraft:short_grass":24,"minecraft:blast_furnace":1,"minecraft:emerald_ore":2,"minecraft:oak_wood":175,"minecraft:chest":1,"minecraft:deepslate_gold_ore":8,"minecraft:lapis_ore":4,"minecraft:sugar_cane":4,"minecraft:oak_planks":29,"minecraft:wall_torch":2,"minecraft:pink_petals":3,"minecraft:trapped_chest":2,"minecraft:sweet_berry_bush":6,"minecraft:spruce_log":49,"minecraft:yellow_bed":16,"minecraft:coal_ore":84,"minecraft:oak_log":157,"minecraft:cherry_leaves":2,"minecraft:sand":94,"minecraft:dirt":33,"minecraft:mangrove_log":5,"minecraft:oak_leaves":2,"minecraft:deepslate":23},"minecraft:used":{"minecraft:oak_trapdoor":17,"minecraft:iron_shovel":128,"minecraft:spruce_planks":116,"minecraft:chest":6,"minecraft:shield":2,"minecraft:bell":2,"minecraft:player_head":3,"minecraft:cooked_chicken":1,"minecraft:torch":119,"minecraft:dirt":3,"minecraft:wooden_axe":41,"minecraft:iron_axe":532,"minecraft:iron_helmet":1,"minecraft:iron_boots":1,"minecraft:sweet_berries":61,"minecraft:furnace":11,"minecraft:cooked_beef":5,"minecraft:iron_leggings":1,"minecraft:cooked_mutton":20,"minecraft:water_bucket":10,"minecraft:stone_pickaxe":131,"minecraft:oak_planks":306,"minecraft:wooden_pickaxe":5,"minecraft:cherry_planks":12,"minecraft:crafting_table":9,"minecraft:white_bed":7,"minecraft:bread":9,"minecraft:iron_pickaxe":135,"minecraft:pink_petals":5,"minecraft:bucket":11,"minecraft:yellow_bed":14}},"DataVersion":3955}