{"stats":{"minecraft:dropped":{"minecraft:water_bucket":1,"minecraft:iron_ingot":31,"minecraft:bread":115,"minecraft:oak_log":5,"minecraft:leather":3,"minecraft:apple":1,"minecraft:dirt":33,"minecraft:torch":18,"minecraft:iron_pickaxe":1,"minecraft:pink_petals":142,"minecraft:stone_axe":1,"minecraft:sweet_berries":1,"minecraft:oak_trapdoor":1,"minecraft:chicken":1,"minecraft:iron_boots":2,"minecraft:spruce_planks":1,"minecraft:oak_wood":49,"minecraft:yellow_bed":1},"minecraft:mined":{"minecraft:spruce_planks":57,"minecraft:white_bed":27,"minecraft:deepslate_diamond_ore":1,"minecraft:oak_door":1,"minecraft:cherry_log":16,"minecraft:glow_lichen":1,"minecraft:grass_block":35,"minecraft:spruce_leaves":15,"minecraft:composter":3,"minecraft:oak_wall_sign":4,"minecraft:large_fern":4,"minecraft:hay_block":40,"minecraft:oak_trapdoor":20,"minecraft:furnace":10,"minecraft:iron_ore":70,"minecraft:andesite":3,"minecraft:deepslate_lapis_ore":5,"minecraft:fletching_table":7,"minecraft:azure_bluet":3,"minecraft:bell":2,"minecraft:water_cauldron":4,"minecraft:dirt_path":3,"minecraft:deepslate_iron_ore":20,"minecraft:oak_sign":2,"minecraft:oak_stairs":1,"minecraft:spruce_wood":9,"minecraft:azalea_leaves":1,"minecraft:stone":59,"minecraft:deepslate_redstone_ore":5,"minecraft:crafting_table":9,"minecraft:torch":4,"minecraft:short_grass":324,"minecraft:blast_furnace":4,"minecraft:emerald_ore":2,"minecraft:oak_wood":211,"minecraft:chest":1,"minecraft:tall_grass":43,"minecraft:deepslate_gold_ore":8,"minecraft:lapis_ore":4,"minecraft:sugar_cane":16,"minecraft:oak_planks":90,"minecraft:wall_torch":3,"minecraft:pink_petals":3,"minecraft:trapped_chest":2,"minecraft:wheat":9,"minecraft:sweet_berry_bush":6,"minecraft:spruce_log":346,"minecraft:yellow_bed":28,"minecraft:oak_log":234,"minecraft:coal_ore":93,"minecraft:cherry_leaves":2,"minecraft:gravel":68,"minecraft:sand":94,"minecraft:dirt":37,"minecraft:mangrove_log":5,"minecraft:oak_leaves":2,"minecraft:deepslate":23},"minecraft:custom":{"minecraft:mob_kills":37,"minecraft:interact_with_crafting_table":57,"minecraft:bell_ring":34,"minecraft:leave_game":9,"minecraft:time_since_death":357181,"minecraft:climb_one_cm":3238,"minecraft:sprint_one_cm":949039,"minecraft:walk_one_cm":1054413,"minecraft:drop":29,"minecraft:talked_to_villager":88,"minecraft:play_time":357181,"minecraft:sneak_time":4119,"minecraft:walk_under_water_one_cm":23974,"minecraft:jump":3765,"minecraft:walk_on_water_one_cm":27258,"minecraft:total_world_time":357181,"minecraft:interact_with_furnace":79,"minecraft:traded_with_villager":40,"minecraft:sleep_in_bed":13,"minecraft:time_since_rest":10729,"minecraft:damage_taken":3642,"minecraft:trigger_trapped_chest":7,"minecraft:damage_dealt":9317,"minecraft:swim_one_cm":35074,"minecraft:player_kills":1,"minecraft:fly_one_cm":595118,"minecraft:open_chest":128,"minecraft:crouch_one_cm":12634,"minecraft:fall_one_cm":101081},"minecraft:picked_up":{"minecraft:crafting_table":9,"minecraft:wheat":8,"minecraft:azure_bluet":1,"minecraft:chicken":2,"minecraft:oak_stairs":1,"minecraft:oak_trapdoor":21,"minecraft:string":1,"minecraft:oak_sign":6,"minecraft:cobbled_deepslate":22,"minecraft:spruce_planks":51,"minecraft:beef":5,"minecraft:player_head":3,"minecraft:poppy":4,"minecraft:iron_pickaxe":1,"minecraft:light_gray_wool":1,"minecraft:sugar_cane":27,"minecraft:mangrove_log":5,"minecraft:furnace":10,"minecraft:egg":1,"minecraft:stick":102,"minecraft:raw_iron":90,"minecraft:composter":3,"minecraft:torch":10,"minecraft:porkchop":2,"minecraft:cherry_log":16,"minecraft:redstone":21,"minecraft:cauldron":4,"minecraft:arrow":5,"minecraft:rotten_flesh":2,"minecraft:hay_block":43,"minecraft:mutton":20,"minecraft:snowball":5,"minecraft:white_wool":10,"minecraft:cobblestone":60,"minecraft:pink_petals":147,"minecraft:feather":1,"minecraft:cooked_beef":3,"minecraft:water_bucket":1,"minecraft:andesite":1,"minecraft:salmon":1,"minecraft:leather":4,"minecraft:flint":5,"minecraft:oak_log":247,"minecraft:yellow_bed":29,"minecraft:lapis_lazuli":54,"minecraft:dirt":66,"minecraft:bone":11,"minecraft:apple":10,"minecraft:bow":1,"minecraft:wheat_seeds":74,"minecraft:raw_gold":8,"minecraft:bell":2,"minecraft:spruce_wood":9,"minecraft:iron_ingot":9,"minecraft:fletching_table":7,"minecraft:oak_planks":79,"minecraft:sweet_berries":62,"minecraft:gravel":63,"minecraft:sand":91,"minecraft:spruce_sapling":49,"minecraft:blast_furnace":4,"minecraft:white_bed":27,"minecraft:spruce_log":382,"minecraft:oak_wood":197,"minecraft:diamond":1,"minecraft:stone_axe":1,"minecraft:cherry_sapling":4,"minecraft:bread":60,"minecraft:emerald":2,"minecraft:oak_sapling":111,"minecraft:black_wool":1,"minecraft:coal":137,"minecraft:hopper":1},"minecraft:used":{"minecraft:oak_trapdoor":29,"minecraft:iron_shovel":203,"minecraft:chest":9,"minecraft:spruce_planks":615,"minecraft:shield":2,"minecraft:bell":2,"minecraft:player_head":3,"minecraft:cooked_chicken":1,"minecraft:torch":121,"minecraft:dirt":11,"minecraft:oak_wood":1,"minecraft:golden_shovel":10,"minecraft:iron_hoe":57,"minecraft:wooden_axe":41,"minecraft:iron_axe":821,"minecraft:iron_helmet":1,"minecraft:iron_boots":1,"minecraft:bow":1,"minecraft:sweet_berries":61,"minecraft:furnace":15,"minecraft:cooked_beef":6,"minecraft:iron_leggings":1,"minecraft:wheat_seeds":34,"minecraft:cooked_mutton":20,"minecraft:water_bucket":14,"minecraft:stone_pickaxe":131,"minecraft:oak_planks":423,"minecraft:wooden_pickaxe":7,"minecraft:cherry_planks":12,"minecraft:fletching_table":9,"minecraft:sugar_cane":2,"minecraft:crafting_table":12,"minecraft:blast_furnace":4,"minecraft:white_bed":22,"minecraft:spruce_log":4,"minecraft:oak_log":1,"minecraft:apple":23,"minecraft:bread":29,"minecraft:iron_pickaxe":197,"minecraft:gravel":53,"minecraft:stone_axe":511,"minecraft:pink_petals":5,"minecraft:bucket":15,"minecraft:yellow_bed":23,"minecraft:bone_meal":21},"minecraft:crafted":{"minecraft:cherry_planks":64,"minecraft:oak_planks":860,"minecraft:cooked_chicken":1,"minecraft:furnace":5,"minecraft:bone_meal":21,"minecraft:cooked_mutton":20,"minecraft:oak_trapdoor":10,"minecraft:iron_boots":3,"minecraft:iron_axe":3,"minecraft:iron_hoe":1,"minecraft:stone_pickaxe":1,"minecraft:chest":9,"minecraft:wheat":387,"minecraft:cooked_beef":3,"minecraft:emerald":38,"minecraft:crafting_table":3,"minecraft:spruce_planks":1124,"minecraft:wooden_pickaxe":1,"minecraft:iron_helmet":1,"minecraft:golden_shovel":1,"minecraft:fletching_table":2,"minecraft:mangrove_planks":20,"minecraft:bucket":1,"minecraft:stone_axe":4,"minecraft:bread":131,"minecraft:air":0,"minecraft:iron_chestplate":1,"minecraft:shield":1,"minecraft:stick":1428,"minecraft:iron_ingot":86,"minecraft:iron_pickaxe":1,"minecraft:wooden_axe":1,"minecraft:iron_leggings":1,"minecraft:iron_shovel":3,"minecraft:gold_ingot":8,"minecraft:torch":144},"minecraft:broken":{"minecraft:stone_pickaxe":1,"minecraft:iron_axe":3,"minecraft:stone_axe":3},"minecraft:killed":{"minecraft:spider":1,"minecraft:skeleton":5,"minecraft:chicken":2,"minecraft:pig":1,"minecraft:salmon":1,"minecraft:iron_golem":4,"minecraft:sheep":12,"minecraft:zombie":4,"minecraft:villager":2,"minecraft:enderman":2,"minecraft:cow":3}},"DataVersion":3955}