{"stats":{"minecraft:custom":{"minecraft:interact_with_furnace":4,"minecraft:mob_kills":7,"minecraft:interact_with_crafting_table":35,"minecraft:time_since_death":129454,"minecraft:leave_game":6,"minecraft:sleep_in_bed":8,"minecraft:time_since_rest":14814,"minecraft:sprint_one_cm":113138,"minecraft:damage_taken":295,"minecraft:walk_one_cm":164290,"minecraft:drop":6,"minecraft:damage_dealt":772,"minecraft:swim_one_cm":5998,"minecraft:fly_one_cm":236415,"minecraft:open_chest":54,"minecraft:crouch_one_cm":3302,"minecraft:play_time":129454,"minecraft:sneak_time":1799,"minecraft:walk_under_water_one_cm":1628,"minecraft:jump":1615,"minecraft:walk_on_water_one_cm":11442,"minecraft:total_world_time":129454,"minecraft:fall_one_cm":40275},"minecraft:picked_up":{"minecraft:pink_petals":113,"minecraft:crafting_table":6,"minecraft:cooked_beef":5,"minecraft:cherry_planks":1,"minecraft:andesite":16,"minecraft:leather":2,"minecraft:ochre_froglight":1,"minecraft:lily_pad":7,"minecraft:dirt":82,"minecraft:apple":1,"minecraft:wheat_seeds":9,"minecraft:spruce_planks":2,"minecraft:spruce_wood":28,"minecraft:beef":7,"minecraft:calcite":2,"minecraft:bamboo":41,"minecraft:moss_block":5,"minecraft:sugar_cane":7,"minecraft:birch_sapling":3,"minecraft:oak_planks":2,"minecraft:mangrove_log":24,"minecraft:stick":72,"minecraft:raw_iron":2,"minecraft:dandelion":2,"minecraft:cherry_log":104,"minecraft:spruce_sapling":49,"minecraft:white_bed":3,"minecraft:spruce_log":91,"minecraft:mossy_cobblestone":4,"minecraft:oak_wood":11,"minecraft:rotten_flesh":1,"minecraft:hay_block":4,"minecraft:cherry_sapling":69,"minecraft:oak_sapling":12,"minecraft:mutton":3,"minecraft:coal":21,"minecraft:white_wool":3,"minecraft:cobblestone":17},"minecraft:crafted":{"minecraft:cooked_beef":7,"minecraft:cherry_planks":80,"minecraft:oak_planks":44,"minecraft:wooden_shovel":2,"minecraft:crafting_table":1,"minecraft:spruce_planks":472,"minecraft:wooden_pickaxe":3,"minecraft:furnace":1,"minecraft:stone_axe":1,"minecraft:bread":12,"minecraft:air":0,"minecraft:spruce_trapdoor":24,"minecraft:spruce_slab":66,"minecraft:stick":8,"minecraft:stone_pickaxe":1,"minecraft:wooden_axe":3,"minecraft:chest":3,"minecraft:white_bed":1,"minecraft:torch":48,"minecraft:wheat":36},"minecraft:killed":{"minecraft:sheep":3,"minecraft:cow":4},"minecraft:dropped":{"minecraft:moss_block":1,"minecraft:cherry_log":32,"minecraft:dirt":3},"minecraft:broken":{"minecraft:wooden_shovel":1,"minecraft:stone_axe":1,"minecraft:wooden_axe":2},"minecraft:mined":{"minecraft:spruce_planks":2,"minecraft:white_bed":3,"minecraft:cherry_planks":1,"minecraft:mossy_cobblestone":5,"minecraft:cherry_log":104,"minecraft:dandelion":2,"minecraft:crafting_table":6,"minecraft:short_grass":50,"minecraft:oak_wood":11,"minecraft:grass_block":67,"minecraft:tall_grass":18,"minecraft:cobblestone":2,"minecraft:spruce_leaves":17,"minecraft:sugar_cane":5,"minecraft:lily_pad":10,"minecraft:moss_block":4,"minecraft:oak_planks":2,"minecraft:pink_petals":40,"minecraft:iron_ore":2,"minecraft:spruce_log":92,"minecraft:andesite":14,"minecraft:coal_ore":22,"minecraft:dirt_path":1,"minecraft:dirt":28,"minecraft:mangrove_log":35,"minecraft:spruce_wood":28,"minecraft:bamboo":4,"minecraft:stone":15},"minecraft:used":{"minecraft:moss_block":2,"minecraft:stone_pickaxe":16,"minecraft:oak_planks":16,"minecraft:spruce_planks":29,"minecraft:chest":3,"minecraft:wooden_pickaxe":47,"minecraft:cherry_planks":3,"minecraft:wooden_shovel":98,"minecraft:dirt":37,"minecraft:mutton":3,"minecraft:crafting_table":7,"minecraft:white_bed":4,"minecraft:wooden_axe":157,"minecraft:spruce_wood":1,"minecraft:bread":9,"minecraft:bamboo":2,"minecraft:stone_axe":217,"minecraft:furnace":1,"minecraft:andesite":14,"minecraft:cooked_beef":2}},"DataVersion":3955}