{"stats":{"minecraft:killed":{"minecraft:skeleton":1,"minecraft:sheep":3,"minecraft:trader_llama":1,"minecraft:zombie":2,"minecraft:cow":4},"minecraft:killed_by":{"minecraft:zombie":1},"minecraft:broken":{"minecraft:wooden_shovel":1,"minecraft:iron_axe":1,"minecraft:stone_axe":1,"minecraft:wooden_axe":2,"minecraft:stone_shovel":1},"minecraft:dropped":{"minecraft:moss_block":1,"minecraft:cooked_beef":10,"minecraft:cherry_log":32,"minecraft:diamond":5,"minecraft:leather":1,"minecraft:dirt":154,"minecraft:rotten_flesh":7,"minecraft:iron_boots":1,"minecraft:andesite":2,"minecraft:bamboo":8},"minecraft:mined":{"minecraft:spruce_planks":92,"minecraft:white_bed":5,"minecraft:mossy_cobblestone":5,"minecraft:dark_oak_leaves":1,"minecraft:cherry_log":104,"minecraft:grass_block":126,"minecraft:spruce_leaves":18,"minecraft:moss_block":4,"minecraft:oak_wall_sign":1,"minecraft:hay_block":34,"minecraft:furnace":1,"minecraft:iron_ore":5,"minecraft:andesite":15,"minecraft:dirt_path":76,"minecraft:oak_sign":4,"minecraft:deepslate_iron_ore":7,"minecraft:lantern":2,"minecraft:spruce_wood":28,"minecraft:bamboo":4,"minecraft:stone":15,"minecraft:spruce_slab":34,"minecraft:cherry_planks":1,"minecraft:dandelion":2,"minecraft:spruce_door":2,"minecraft:crafting_table":7,"minecraft:torch":5,"minecraft:short_grass":64,"minecraft:oak_wood":11,"minecraft:calcite":3,"minecraft:chest":2,"minecraft:campfire":1,"minecraft:cobblestone":10,"minecraft:tall_grass":21,"minecraft:glass":1,"minecraft:deepslate_gold_ore":2,"minecraft:lily_pad":10,"minecraft:sugar_cane":6,"minecraft:oak_planks":49,"minecraft:wall_torch":54,"minecraft:pink_petals":92,"minecraft:spruce_stairs":1,"minecraft:trapped_chest":4,"minecraft:birch_log":51,"minecraft:wheat":1,"minecraft:spruce_log":92,"minecraft:coal_ore":22,"minecraft:cherry_leaves":10,"minecraft:sand":72,"minecraft:dirt":38,"minecraft:mangrove_log":35,"minecraft:deepslate":13},"minecraft:crafted":{"minecraft:cherry_planks":80,"minecraft:oak_planks":244,"minecraft:stone_shovel":3,"minecraft:furnace":2,"minecraft:glass":33,"minecraft:spruce_stairs":16,"minecraft:iron_axe":3,"minecraft:spruce_slab":222,"minecraft:stone_pickaxe":1,"minecraft:chest":7,"minecraft:wheat":342,"minecraft:cooked_beef":7,"minecraft:wooden_shovel":2,"minecraft:crafting_table":1,"minecraft:spruce_planks":744,"minecraft:wooden_pickaxe":3,"minecraft:spruce_door":3,"minecraft:golden_shovel":1,"minecraft:birch_planks":164,"minecraft:stone_axe":1,"minecraft:bread":114,"minecraft:air":0,"minecraft:spruce_trapdoor":24,"minecraft:iron_chestplate":2,"minecraft:shield":2,"minecraft:stick":16,"minecraft:iron_ingot":2,"minecraft:iron_pickaxe":2,"minecraft:wooden_axe":3,"minecraft:gold_ingot":2,"minecraft:white_bed":1,"minecraft:torch":48},"minecraft:custom":{"minecraft:mob_kills":11,"minecraft:interact_with_crafting_table":68,"minecraft:time_since_death":0,"minecraft:leave_game":24,"minecraft:climb_one_cm":2554,"minecraft:sprint_one_cm":403580,"minecraft:walk_one_cm":639031,"minecraft:drop":27,"minecraft:play_time":321871,"minecraft:deaths":3,"minecraft:sneak_time":6987,"minecraft:walk_under_water_one_cm":7316,"minecraft:jump":4112,"minecraft:walk_on_water_one_cm":21877,"minecraft:total_world_time":321871,"minecraft:interact_with_furnace":38,"minecraft:sleep_in_bed":17,"minecraft:time_since_rest":343,"minecraft:damage_taken":2248,"minecraft:trigger_trapped_chest":7,"minecraft:damage_dealt":1840,"minecraft:swim_one_cm":10375,"minecraft:fly_one_cm":704952,"minecraft:open_chest":170,"minecraft:crouch_one_cm":20677,"minecraft:interact_with_smoker":3,"minecraft:fall_one_cm":124666,"minecraft:horse_one_cm":809},"minecraft:used":{"minecraft:moss_block":2,"minecraft:spruce_slab":95,"minecraft:stone_shovel":242,"minecraft:oak_sign":1,"minecraft:chest":9,"minecraft:spruce_planks":272,"minecraft:wooden_shovel":98,"minecraft:player_head":9,"minecraft:torch":42,"minecraft:dirt":38,"minecraft:mutton":3,"minecraft:spruce_stairs":12,"minecraft:glass":31,"minecraft:wooden_axe":161,"minecraft:spruce_wood":1,"minecraft:lantern":2,"minecraft:iron_axe":302,"minecraft:bamboo":2,"minecraft:furnace":4,"minecraft:cooked_beef":7,"minecraft:potato":10,"minecraft:cobbled_deepslate":6,"minecraft:calcite":3,"minecraft:spruce_door":3,"minecraft:birch_planks":142,"minecraft:stone_pickaxe":60,"minecraft:oak_planks":260,"minecraft:wooden_pickaxe":47,"minecraft:cherry_planks":4,"minecraft:crafting_table":8,"minecraft:white_bed":6,"minecraft:bread":34,"minecraft:iron_pickaxe":25,"minecraft:stone_axe":217,"minecraft:andesite":14},"minecraft:picked_up":{"minecraft:charcoal":2,"minecraft:crafting_table":7,"minecraft:iron_chestplate":1,"minecraft:wheat":2,"minecraft:shield":2,"minecraft:string":2,"minecraft:iron_axe":1,"minecraft:oak_sign":5,"minecraft:cobbled_deepslate":7,"minecraft:spruce_planks":98,"minecraft:beef":7,"minecraft:player_head":7,"minecraft:calcite":5,"minecraft:iron_pickaxe":1,"minecraft:spruce_slab":40,"minecraft:sugar_cane":9,"minecraft:chest":2,"minecraft:birch_sapling":20,"minecraft:mangrove_log":24,"minecraft:iron_boots":1,"minecraft:furnace":1,"minecraft:stick":77,"minecraft:raw_iron":12,"minecraft:torch":71,"minecraft:spruce_stairs":1,"minecraft:cherry_log":104,"minecraft:arrow":1,"minecraft:rotten_flesh":10,"minecraft:hay_block":38,"minecraft:mutton":3,"minecraft:white_wool":3,"minecraft:cobblestone":25,"minecraft:birch_log":41,"minecraft:pink_petals":255,"minecraft:cooked_beef":12,"minecraft:cherry_planks":1,"minecraft:andesite":21,"minecraft:leather":3,"minecraft:ochre_froglight":1,"minecraft:lily_pad":7,"minecraft:dirt":249,"minecraft:lantern":2,"minecraft:bone":6,"minecraft:apple":1,"minecraft:wheat_seeds":18,"minecraft:raw_gold":2,"minecraft:spruce_wood":59,"minecraft:iron_ingot":20,"minecraft:stone_pickaxe":1,"minecraft:bamboo":42,"minecraft:moss_block":5,"minecraft:oak_planks":49,"minecraft:dandelion":2,"minecraft:sand":72,"minecraft:spruce_sapling":57,"minecraft:white_bed":5,"minecraft:spruce_log":128,"minecraft:spruce_door":2,"minecraft:mossy_cobblestone":4,"minecraft:oak_wood":61,"minecraft:diamond":6,"minecraft:cherry_sapling":69,"minecraft:bread":98,"minecraft:oak_sapling":12,"minecraft:coal":21}},"DataVersion":3955}