{"stats":{"minecraft:custom":{"minecraft:mob_kills":3,"minecraft:interact_with_crafting_table":18,"minecraft:leave_game":1,"minecraft:time_since_death":55011,"minecraft:sleep_in_bed":3,"minecraft:time_since_rest":23189,"minecraft:sprint_one_cm":69058,"minecraft:damage_taken":90,"minecraft:walk_one_cm":95532,"minecraft:drop":1,"minecraft:damage_dealt":310,"minecraft:swim_one_cm":5998,"minecraft:fly_one_cm":122084,"minecraft:open_chest":8,"minecraft:crouch_one_cm":1451,"minecraft:play_time":55011,"minecraft:sneak_time":1040,"minecraft:walk_under_water_one_cm":1628,"minecraft:jump":923,"minecraft:walk_on_water_one_cm":11178,"minecraft:total_world_time":55011,"minecraft:fall_one_cm":21962},"minecraft:picked_up":{"minecraft:pink_petals":98,"minecraft:crafting_table":6,"minecraft:cooked_beef":5,"minecraft:andesite":10,"minecraft:ochre_froglight":1,"minecraft:lily_pad":7,"minecraft:dirt":60,"minecraft:apple":1,"minecraft:wheat_seeds":7,"minecraft:spruce_planks":2,"minecraft:spruce_wood":13,"minecraft:moss_block":5,"minecraft:sugar_cane":7,"minecraft:birch_sapling":3,"minecraft:oak_planks":2,"minecraft:mangrove_log":13,"minecraft:stick":52,"minecraft:dandelion":2,"minecraft:cherry_log":104,"minecraft:spruce_sapling":19,"minecraft:white_bed":3,"minecraft:spruce_log":23,"minecraft:mossy_cobblestone":4,"minecraft:oak_wood":11,"minecraft:rotten_flesh":1,"minecraft:hay_block":4,"minecraft:cherry_sapling":69,"minecraft:oak_sapling":12,"minecraft:mutton":3,"minecraft:coal":12,"minecraft:white_wool":3,"minecraft:cobblestone":5},"minecraft:crafted":{"minecraft:cherry_planks":80,"minecraft:oak_planks":44,"minecraft:wooden_shovel":2,"minecraft:crafting_table":1,"minecraft:spruce_planks":120,"minecraft:wooden_pickaxe":3,"minecraft:stone_axe":1,"minecraft:bread":12,"minecraft:stick":8,"minecraft:wooden_axe":1,"minecraft:chest":2,"minecraft:white_bed":1,"minecraft:torch":48,"minecraft:wheat":36},"minecraft:killed":{"minecraft:sheep":3},"minecraft:dropped":{"minecraft:moss_block":1},"minecraft:broken":{"minecraft:wooden_shovel":1,"minecraft:wooden_axe":1},"minecraft:mined":{"minecraft:spruce_planks":2,"minecraft:white_bed":3,"minecraft:mossy_cobblestone":5,"minecraft:cherry_log":104,"minecraft:dandelion":2,"minecraft:crafting_table":6,"minecraft:short_grass":46,"minecraft:oak_wood":11,"minecraft:grass_block":49,"minecraft:tall_grass":18,"minecraft:cobblestone":2,"minecraft:spruce_leaves":17,"minecraft:sugar_cane":5,"minecraft:lily_pad":10,"minecraft:oak_planks":2,"minecraft:moss_block":4,"minecraft:pink_petals":34,"minecraft:spruce_log":24,"minecraft:andesite":10,"minecraft:coal_ore":12,"minecraft:dirt":12,"minecraft:mangrove_log":24,"minecraft:spruce_wood":13,"minecraft:stone":3},"minecraft:used":{"minecraft:moss_block":2,"minecraft:oak_planks":16,"minecraft:chest":2,"minecraft:spruce_planks":29,"minecraft:wooden_pickaxe":35,"minecraft:wooden_shovel":71,"minecraft:dirt":28,"minecraft:mutton":3,"minecraft:crafting_table":7,"minecraft:white_bed":4,"minecraft:wooden_axe":61,"minecraft:spruce_wood":1,"minecraft:bread":2,"minecraft:stone_axe":214,"minecraft:andesite":10,"minecraft:cooked_beef":2}},"DataVersion":3955}