{"stats":{"minecraft:custom":{"minecraft:interact_with_furnace":33,"minecraft:mob_kills":9,"minecraft:interact_with_crafting_table":57,"minecraft:time_since_death":239126,"minecraft:leave_game":9,"minecraft:sleep_in_bed":13,"minecraft:time_since_rest":8416,"minecraft:sprint_one_cm":249052,"minecraft:damage_taken":605,"minecraft:walk_one_cm":493758,"minecraft:trigger_trapped_chest":4,"minecraft:drop":10,"minecraft:damage_dealt":1399,"minecraft:swim_one_cm":9726,"minecraft:fly_one_cm":447106,"minecraft:open_chest":109,"minecraft:crouch_one_cm":7628,"minecraft:play_time":239126,"minecraft:sneak_time":3151,"minecraft:walk_under_water_one_cm":2621,"minecraft:jump":2838,"minecraft:walk_on_water_one_cm":20351,"minecraft:total_world_time":239126,"minecraft:fall_one_cm":74375},"minecraft:killed":{"minecraft:sheep":3,"minecraft:trader_llama":1,"minecraft:zombie":1,"minecraft:cow":4},"minecraft:mined":{"minecraft:spruce_planks":92,"minecraft:white_bed":4,"minecraft:cherry_planks":1,"minecraft:mossy_cobblestone":5,"minecraft:dark_oak_leaves":1,"minecraft:cherry_log":104,"minecraft:spruce_door":2,"minecraft:dandelion":2,"minecraft:crafting_table":7,"minecraft:torch":5,"minecraft:short_grass":64,"minecraft:oak_wood":11,"minecraft:grass_block":125,"minecraft:glass":1,"minecraft:tall_grass":21,"minecraft:cobblestone":10,"minecraft:spruce_leaves":18,"minecraft:sugar_cane":5,"minecraft:lily_pad":10,"minecraft:moss_block":4,"minecraft:oak_planks":46,"minecraft:wall_torch":54,"minecraft:pink_petals":92,"minecraft:hay_block":34,"minecraft:spruce_stairs":1,"minecraft:trapped_chest":4,"minecraft:furnace":1,"minecraft:birch_log":51,"minecraft:iron_ore":2,"minecraft:wheat":1,"minecraft:spruce_log":92,"minecraft:andesite":14,"minecraft:coal_ore":22,"minecraft:dirt_path":76,"minecraft:lantern":2,"minecraft:cherry_leaves":10,"minecraft:sand":72,"minecraft:dirt":38,"minecraft:mangrove_log":35,"minecraft:spruce_wood":28,"minecraft:bamboo":4,"minecraft:stone":15,"minecraft:spruce_slab":34},"minecraft:used":{"minecraft:moss_block":2,"minecraft:spruce_door":3,"minecraft:birch_planks":138,"minecraft:spruce_slab":95,"minecraft:stone_shovel":242,"minecraft:stone_pickaxe":56,"minecraft:oak_planks":259,"minecraft:chest":5,"minecraft:spruce_planks":272,"minecraft:wooden_pickaxe":47,"minecraft:cherry_planks":4,"minecraft:wooden_shovel":98,"minecraft:player_head":7,"minecraft:torch":27,"minecraft:dirt":38,"minecraft:mutton":3,"minecraft:crafting_table":8,"minecraft:spruce_stairs":12,"minecraft:white_bed":5,"minecraft:glass":31,"minecraft:wooden_axe":161,"minecraft:lantern":2,"minecraft:spruce_wood":1,"minecraft:iron_axe":278,"minecraft:bread":15,"minecraft:bamboo":2,"minecraft:stone_axe":217,"minecraft:furnace":3,"minecraft:andesite":14,"minecraft:potato":10,"minecraft:cooked_beef":5},"minecraft:crafted":{"minecraft:cooked_beef":7,"minecraft:cherry_planks":80,"minecraft:oak_planks":244,"minecraft:wooden_shovel":2,"minecraft:stone_shovel":3,"minecraft:crafting_table":1,"minecraft:spruce_planks":744,"minecraft:wooden_pickaxe":3,"minecraft:spruce_door":3,"minecraft:furnace":2,"minecraft:birch_planks":164,"minecraft:stone_axe":1,"minecraft:bread":114,"minecraft:air":0,"minecraft:glass":32,"minecraft:spruce_trapdoor":24,"minecraft:spruce_stairs":16,"minecraft:iron_chestplate":1,"minecraft:shield":1,"minecraft:iron_axe":1,"minecraft:spruce_slab":222,"minecraft:stick":8,"minecraft:iron_ingot":2,"minecraft:stone_pickaxe":1,"minecraft:wooden_axe":3,"minecraft:chest":5,"minecraft:white_bed":1,"minecraft:torch":48,"minecraft:wheat":342},"minecraft:dropped":{"minecraft:moss_block":1,"minecraft:cherry_log":32,"minecraft:leather":1,"minecraft:dirt":154},"minecraft:picked_up":{"minecraft:birch_log":41,"minecraft:pink_petals":251,"minecraft:crafting_table":7,"minecraft:wheat":1,"minecraft:cooked_beef":5,"minecraft:cherry_planks":1,"minecraft:andesite":16,"minecraft:leather":3,"minecraft:ochre_froglight":1,"minecraft:lily_pad":7,"minecraft:dirt":239,"minecraft:lantern":2,"minecraft:apple":1,"minecraft:wheat_seeds":14,"minecraft:spruce_slab":40,"minecraft:spruce_planks":98,"minecraft:spruce_wood":59,"minecraft:beef":7,"minecraft:iron_ingot":20,"minecraft:player_head":7,"minecraft:calcite":2,"minecraft:bamboo":41,"minecraft:moss_block":5,"minecraft:sugar_cane":7,"minecraft:oak_planks":46,"minecraft:birch_sapling":20,"minecraft:mangrove_log":24,"minecraft:furnace":1,"minecraft:stick":77,"minecraft:raw_iron":2,"minecraft:spruce_stairs":1,"minecraft:torch":71,"minecraft:dandelion":2,"minecraft:sand":72,"minecraft:cherry_log":104,"minecraft:spruce_sapling":57,"minecraft:white_bed":4,"minecraft:spruce_log":128,"minecraft:spruce_door":2,"minecraft:mossy_cobblestone":4,"minecraft:oak_wood":61,"minecraft:rotten_flesh":1,"minecraft:hay_block":38,"minecraft:cherry_sapling":69,"minecraft:oak_sapling":12,"minecraft:mutton":3,"minecraft:coal":21,"minecraft:cobblestone":25,"minecraft:white_wool":3},"minecraft:broken":{"minecraft:wooden_shovel":1,"minecraft:iron_axe":1,"minecraft:stone_axe":1,"minecraft:wooden_axe":2,"minecraft:stone_shovel":1}},"DataVersion":3955}